source,target,context,type
adriana fuentes cortes,ayuntamiento de queretaro|2003-2006,Regidora en el #[[Ayuntamiento de Querétaro 2003-2006]],
adriana fuentes cortes,ayuntamiento de queretaro|2021-2024,Regidora en el #[[Ayuntamiento de Querétaro 2021-2024]],
adriana vega vazquez mellado,rogelio vega vazquez mellado,Hermana de [[Rogelio Vega Vázquez Mellado]],
agapito pozo balbas,21 04 1899,Nació el 21 de abril de 1899. [[21-04-1899]],
agapito pozo balbas,30 04 1976,Falleció el 30 de abril de 1976. [[30-04-1976]],
agustin dorantes lambarri,poder ejecutivo de la federacion,Secretario de Desarrollo Social  en el [[Poder Ejecutivo de la Federación]] con [[Francisco Domínguez Servién]] durante el [[Sexenio 2015-2021]],
agustin dorantes lambarri,francisco dominguez servien,Secretario de Desarrollo Social  en el [[Poder Ejecutivo de la Federación]] con [[Francisco Domínguez Servién]] durante el [[Sexenio 2015-2021]],
agustin dorantes lambarri,sexenio|2015-2021,Secretario de Desarrollo Social  en el [[Poder Ejecutivo de la Federación]] con [[Francisco Domínguez Servién]] durante el [[Sexenio 2015-2021]],
agustin dorantes lambarri,poder ejecutivo del estado de queretaro,Secretario de Desarrollo Social en el [[Poder Ejecutivo del Estado de Querétaro]] con [[Mauricio Kuri González]] durante los primeros tres años del [[Sexenio 2021-2027]],
agustin dorantes lambarri,mauricio kuri gonzalez,Secretario de Desarrollo Social en el [[Poder Ejecutivo del Estado de Querétaro]] con [[Mauricio Kuri González]] durante los primeros tres años del [[Sexenio 2021-2027]],
agustin dorantes lambarri,sexenio|2021-2027,Secretario de Desarrollo Social en el [[Poder Ejecutivo del Estado de Querétaro]] con [[Mauricio Kuri González]] durante los primeros tres años del [[Sexenio 2021-2027]],
agustin lopez guerra,fernando ortiz arana,Candidato al Senado de la República en 1994 por el PRD. Contendió contra #[[Fernando Ortiz Arana]] y #[[Arturo Nava Bolaños]].,
agustin lopez guerra,arturo nava bolanos,Candidato al Senado de la República en 1994 por el PRD. Contendió contra #[[Fernando Ortiz Arana]] y #[[Arturo Nava Bolaños]].,
agustin lopez guerra,cbtis118,Profesor en en #CBTIS118,hashtag
agustin lopez y lopez,familia lopez y lopez,Forma parte de la familia #[[Familia López y López]],
agustin romero lopez,instituto militarizado benjamin n velasco,Fue director del #[[Instituto Militarizado Benjamin N Velasco]] desde 1925 a 1972.,
agustin romero lopez,venerablegranmaestrogrado33,"Obtuvo el grado de #VenerableGranMaestroGrado33 , el máximo logro en las logias masónicas.",hashtag
agustin romero lopez,familia lopez y lopez,Formó la familia #[[Familia López y López]],
agustin romero lopez,instituto metodista de queretaro,Estudió la primaria en el #[[Instituto Metodista de Querétaro]] donde fue alumno de #[[Benjamín Noriega Velasco]] . Concluyó la educación primaria en 1904.,
agustin romero lopez,benjamin noriega velasco,Estudió la primaria en el #[[Instituto Metodista de Querétaro]] donde fue alumno de #[[Benjamín Noriega Velasco]] . Concluyó la educación primaria en 1904.,
agustin romero lopez,saturninoosornio,Fue nombrado director de la Escuela Normal del Estado por el gobernador #SaturninoOsornio,hashtag
alejandro cano alcala,lvii legislatura del estado de queretaro,Diputado en la #[[LVII Legislatura del Estado de Querétaro]] .,
alejandro cano alcala,beatriz robles,"Candidato a diputado federal por el Distrito 03 en 2018, perdió contra #[[Beatriz Robles]] de MORENA.",
alejandro gonzalez valle,armando alejandro rivera castillejos,Secretario de Servicios Públicos Municipales con [[Armando Alejandro Rivera Castillejos]] en el Trienio [[Ayuntamiento de Querétaro 2003-2006]],
alejandro gonzalez valle,ayuntamiento de queretaro|2003-2006,Secretario de Servicios Públicos Municipales con [[Armando Alejandro Rivera Castillejos]] en el Trienio [[Ayuntamiento de Querétaro 2003-2006]],
alejandro gonzalez valle,manuel gonzalez valle,Secretario de Servicios Públicos Municipales con [[Manuel González Valle]] en el trienio [[Ayuntamiento de Querétaro 2006-2009]],
alejandro gonzalez valle,ayuntamiento de queretaro|2006-2009,Secretario de Servicios Públicos Municipales con [[Manuel González Valle]] en el trienio [[Ayuntamiento de Querétaro 2006-2009]],
alfredo botello aranda,mauricio kuri gonzalez,Titular de la Notaría No 49. Nombrado por el gobernador #[[Mauricio Kuri González]] en marzo de 2023.,
alfredo botello aranda,familia botello aranda,Forma parte de la #[[Familia Botello Aranda]],
ana maria gonzalez,ana gonzalez jauregui,Hija de [[Ana González Jáuregui]],
andres manuel lopezobrador,morena,Fundador de [[MORENA]],
andres manuel lopezobrador,prd,Candidato presidencial del [[PRD]] en 2006,
andres manuel lopezobrador,prd,Candidato presidencial del [[PRD]] en 2012,
andres manuel lopezobrador,distrito federal,Jefe de Gobierno del [[Distrito Federal]] de 2000 a 2005,
antonio calzada urquiza,jose eduardo calzada rovirosa,Padre de [[José Eduardo Calzada Rovirosa]],
antonio calzada urquiza,teresita calzada rovirosa,Padre de [[Teresita Calzada Rovirosa]],
antonio calzada urquiza,poder ejecutivo del estado de queretaro,Titular del [[Poder Ejecutivo del Estado de Querétaro]] el [[Sexenio 1973-1979]],
antonio calzada urquiza,sexenio|1973-1979,Titular del [[Poder Ejecutivo del Estado de Querétaro]] el [[Sexenio 1973-1979]],
antonio rangel mendez,ricardo anaya cortes,Compañero de #[[Ricardo Anaya Cortés]] en el Instituto San Javier,
antonio rangel mendez,mauricio kuri gonzalez,Secretario de Planeación con #[[Mauricio Kuri González]],
antonio rangel mendez,jose luis baez guerrero,Secretario general del Partido Acción Nacional con #[[José Luis Báez Guerrero]],
apolinar casillas gutierrez,mauricio kuri gonzalez,Director del Registro Civil con [[Mauricio Kuri González]],
apolinar casillas gutierrez,liv legislatura del estado de queretaro,Diputado de la [[LIV Legislatura del Estado de Querétaro]],
apolinar casillas gutierrez,lvii legislatura del estado de queretaro,Diputado [[LVII Legislatura del Estado de Querétaro]],
apolinar casillas gutierrez,ayuntamiento de queretaro|2006-2009,Secretario del Ayuntamiento en el [[Ayuntamiento de Querétaro 2006-2009]],
apolinar casillas gutierrez,ayuntamiento de queretaro|2009-2012,Secretario del Ayuntamiento en el [[Ayuntamiento de Querétaro 2009-2012]],
apolinar casillas gutierrez,lxiii legislatura federal,Diputado federal en la [[LXIII Legislatura Federal]],
armando alejandro rivera castillejos,ayuntamiento de queretaro|2003-2006,Presidente municipal del #[[Ayuntamiento de Querétaro 2003-2006]],
arturo almaguer,luis bernardo nava guerrero,Secretario Privado de #[[Luis Bernardo Nava Guerrero]],
arturo molina zamora,luis bernardo nava guerrero,Secretario de Gobierno en el segundo trienio de [[Luis Bernardo Nava Guerrero]],
arturo molina zamora,enrique antonio correa sada,Asesor jurídico de [[Enrique Antonio Correa Sada]] en la LVII Legislatura de Querétaro,
arturo molina zamora,martha elena soto obregon,Casado con [[Martha Elena Soto Obregón]],
arturo molina zamora,guadalupe murguia gutierrez,Coordinador de campaña al senado de [[Guadalupe Murguía Gutiérrez]],
arturo molina zamora,instituto nacional de migracion,Delegado del [[Instituto Nacional de Migración]] del 2001 al 2002 Durante el gobierno de [[Vicente Fox Quesada]],
arturo molina zamora,vicente fox quesada,Delegado del [[Instituto Nacional de Migración]] del 2001 al 2002 Durante el gobierno de [[Vicente Fox Quesada]],
arturo nava bolanos,enrique burgos garcia,"Candidato a la Gubernatura de Querétaro en 1991, cuando fue electo #[[Enrique Burgos García]] del PRI",
arturo nava bolanos,fernando ortiz arana,"Candidato al Senado de la República del PAN en 1994, contendió contra #[[Fernando Ortiz Arana]] del PRI y #[[Agustín López Guerra]] por el PRD.",
arturo nava bolanos,agustin lopez guerra,"Candidato al Senado de la República del PAN en 1994, contendió contra #[[Fernando Ortiz Arana]] del PRI y #[[Agustín López Guerra]] por el PRD.",
arturo nava bolanos,jesus puga tovar,Su suplente era #[[Jesús Puga Tovar]],
arturo nava guerrero,dario morales lopez,Arturo Nava Guerrero fue socio de #[[Darío Morales López]],
arturo torres gutierrez,luis bernardo nava guerrero,Secretario de Desarrollo Social y Humano en los dos periodos de [[Luis Bernardo Nava Guerrero]] como presidente Municipal de Querétaro en el [[Ayuntamiento de Querétaro 2018-2021]] y el [[Ayuntamiento de Corregidora 2021-2024]],
arturo torres gutierrez,ayuntamiento de queretaro|2018-2021,Secretario de Desarrollo Social y Humano en los dos periodos de [[Luis Bernardo Nava Guerrero]] como presidente Municipal de Querétaro en el [[Ayuntamiento de Querétaro 2018-2021]] y el [[Ayuntamiento de Corregidora 2021-2024]],
arturo torres gutierrez,ayuntamiento de corregidora|2021-2024,Secretario de Desarrollo Social y Humano en los dos periodos de [[Luis Bernardo Nava Guerrero]] como presidente Municipal de Querétaro en el [[Ayuntamiento de Querétaro 2018-2021]] y el [[Ayuntamiento de Corregidora 2021-2024]],
arturo torres gutierrez,pan,"Candidato a diputado local del [[PAN]] en 2018, perdió frente a [[Arturo Maximiliano García Pérez]]",
arturo torres gutierrez,arturo maximiliano garcia perez,"Candidato a diputado local del [[PAN]] en 2018, perdió frente a [[Arturo Maximiliano García Pérez]]",
arturo torres gutierrez,sexenio|2021-2027,Subsecretario de Salud en el [[Sexenio 2021-2027]] con [[Mauricio Kuri González]],
arturo torres gutierrez,mauricio kuri gonzalez,Subsecretario de Salud en el [[Sexenio 2021-2027]] con [[Mauricio Kuri González]],
ayuntamiento de queretaro|2000-2003,rolando garcia ortiz,Presidente municipal: #[[Rolando García Ortiz]],
ayuntamiento de queretaro|2000-2003,joaquin gerardo gonzalez de leon,Síndico #[[Joaquín Gerardo González de León]],
ayuntamiento de queretaro|2000-2003,pablo mere alcocer,Síndico #[[Pablo Meré Alcocer]],
ayuntamiento de queretaro|2003-2006,armando alejandro rivera castillejos,Presidente municipal #[[Armando Alejandro Rivera Castillejos]],
ayuntamiento de queretaro|2003-2006,adriana fuentes cortes,#[[Adriana Fuentes Cortés]],
ayuntamiento de queretaro|2006-2009,manuel gonzalez valle,#[[Manuel González Valle]] fue presidente municipal en el Ayuntamiento de Querétaro 2006-2009,
ayuntamiento de queretaro|2009-2012,01 10 2009,El Ayuntamiento de Querétaro 2009-2012 comenzó el #01-10-2009 y concluyó el #30-09-2012,hashtag
ayuntamiento de queretaro|2009-2012,30 09 2012,El Ayuntamiento de Querétaro 2009-2012 comenzó el #01-10-2009 y concluyó el #30-09-2012,hashtag
ayuntamiento de queretaro|2009-2012,francisco dominguez servien,Fue presidido por [[Francisco Domínguez Servién]],
ayuntamiento de queretaro|2012-2015,armando alejandro rivera castillejos,Regidor #[[Armando Alejandro Rivera Castillejos]],
ayuntamiento de queretaro|2012-2015,gerardo gabriel cuanalo santos,Regidor #[[Gerardo Gabriel Cuanalo Santos]],
ayuntamiento de queretaro|2012-2015,guadalupe murguia gutierrez,Regidora #[[Guadalupe Murguía Gutiérrez]],
ayuntamiento de queretaro|2012-2015,maria aleman munoz castillo,Regidora #[[María Alemán Muñoz Castillo]],
ayuntamiento de queretaro|2015-2018,marcos aguilar vega,[[Marcos Aguilar Vega]] fue presidente municipal del Ayuntamiento de Querétaro 20115-2018.,
ayuntamiento de queretaro|2018-2021,concepcion resendiz,Regidora #[[Concepción Reséndiz]],
ayuntamiento de queretaro|2018-2021,miguel parrodi espinosa,Síndico #[[Miguel Parrodi Espinosa]],
ayuntamiento de queretaro|2018-2021,luis gabriel osejo dominguez,Regidor Independiente #[[Luis Gabriel Osejo Domínguez]],
ayuntamiento de queretaro|2021-2024,concepcion resendiz,Regidora #[[Concepción Reséndiz]],
ayuntamiento de queretaro|2021-2024,juliana rosario hernandez quintanar,Síndica #[[Juliana Rosario Hernández Quintanar]],
ayuntamiento de queretaro|2021-2024,miguel angel torres olguin,Síndico #[[Miguel Ángel Torres Olguín]],
ayuntamiento de queretaro|2021-2024,maria del carmen presa ortega,Regidora #[[María Del Carmen Presa Ortega]],
ayuntamiento de queretaro|2021-2024,adriana fuentes cortes,Regidora #[[Adriana Fuentes Cortés]],
ayuntamiento de queretaro|2021-2024,isaacjimenezherrera,Regidor #IsaacJiménezHerrera,hashtag
ayuntamiento de queretaro|2021-2024,fatimayadiramontesfraire,Regidora #FátimaYadiraMontesFraire,hashtag
ayuntamiento de queretaro|2021-2024,jose luis aguilera rico,Regidor #[[José Luis Aguilera Rico]],
ayuntamiento de queretaro|2021-2024,carloshabacucruizuvalle,Regidor #CarlosHabacucRuizUvalle,hashtag
ayuntamiento de queretaro|2021-2024,marthafabiolalarrondomontes,Regidora #MarthaFabiolaLarrondoMontes,hashtag
ayuntamiento de queretaro|2021-2024,josearturogonzalezcordoba,Regidor #JoséArturoGonzálezCórdoba,hashtag
ayuntamiento de queretaro|2021-2024,ivonneolascoagacorrea,Regidora #IvonneOlascoagaCorrea,hashtag
ayuntamiento de queretaro|2021-2024,josemanuelsancheznieto,Regidor #JoséManuelSánchezNieto,hashtag
ayuntamiento de queretaro|2021-2024,maria aleman munoz castillo,Regidora #[[María Alemán Muñoz Castillo]],
ayuntamiento de queretaro|2021-2024,marcoalvarezmalo,Regidor #MarcoÁlvarezMalo,hashtag
ayuntamiento de queretaro|2021-2024,01 10 2021,El Ayuntamiento de Querétaro 2021-2024 se instaló el [[01-10-2021]],
ayuntamiento de queretaro|2021-2024,30 09 2024,El Ayuntamiento de Querétaro concluyó el [[30-09-2024]],
ayuntamiento de queretaro|2024-2027,felipe fernando macias olvera,El Ayuntamiento de Querétaro es presidido por [[Felipe Fernando Macías Olvera]],
ayuntamiento de queretaro|2024-2027,miguel angel torres olguin,[[Miguel Ángel Torres Olguín]] - Coordinador de Oficina de Presidencia,
ayuntamiento de queretaro|2024-2027,jose luis baez guerrero,[[José Luis Báez Guerrero]] - Jefe de Gabinete,
ayuntamiento de queretaro|2024-2027,fernanda tirado esquer,[[Fernanda Tirado Esquer]] - Secretaria Particular,
ayuntamiento de queretaro|2024-2027,jesus roberto franco gonzalez,[[Jesús Roberto Franco González]] - Secretario del Ayuntamiento,
ayuntamiento de queretaro|2024-2027,federico guillermo de los cobos y vega,[[Federico Guillermo de los Cobos y Vega]] - Secretario de Gobierno,
ayuntamiento de queretaro|2024-2027,beatriz guadalupe marmolejo rojas,[[Beatriz Guadalupe Marmolejo Rojas]] - Secretaria de Planeación y Participación Ciudadana,
ayuntamiento de queretaro|2024-2027,jose armando presa ortega,[[José Armando Presa Ortega]] - Secretario de Servicios Públicos,
ayuntamiento de queretaro|2024-2027,francisco villegas solis,[[Francisco Villegas Solís]] - Secretario de Obras Públicas,
ayuntamiento de queretaro|2024-2027,gerardo romero altamirano,[[Gerardo Romero Altamirano]] - Secretario de Desarrollo Urbano,
ayuntamiento de queretaro|2024-2027,maria guadalupe espinosa de los reyes,[[María Guadalupe Espinosa de los Reyes]] - Secretaria de Medio Ambiente,
ayuntamiento de queretaro|2024-2027,lennyz melendez chacon,[[Lennyz Meléndez Chacón]] - Secretaria de Bienestar Animal,
ayuntamiento de queretaro|2024-2027,pedro manuel angeles lujan,[[Pedro Manuel Ángeles Luján]] - Secretario de Movilidad,
ayuntamiento de queretaro|2024-2027,mariana ortiz cabrera,[[Mariana Ortiz Cabrera]] - Secretaria de Turismo,
ayuntamiento de queretaro|2024-2027,adriana fuentes cortes,[[Adriana Fuentes Cortés]] - Secretaria de Atención Ciudadana,
ayuntamiento de queretaro|2024-2027,alejandro sterling sanchez,[[Alejandro Sterling Sánchez]] - Secretario de Desarrollo Económico,
ayuntamiento de queretaro|2024-2027,martha daniela salgado marquez,[[Martha Daniela Salgado Márquez]] - Secretaria de Cultura,
ayuntamiento de queretaro|2024-2027,juan luis ferrusca ortiz,[[Juan Luis Ferrusca Ortiz]] - Secretario de Seguridad Pública,
ayuntamiento de queretaro|2024-2027,juan jose ojeda dorantes,[[Juan José Ojeda Dorantes]] - Secretario de Desarrollo Social,
ayuntamiento de queretaro|2024-2027,beatriz magdalena leon sotelo,[[Beatriz Magdalena León Sotelo]] - Secretaria de Gestión Delegacional,
ayuntamiento de queretaro|2024-2027,clara vanessa garfias rojas,[[Clara Vanessa Garfias Rojas]] - Secretaria de la Mujer,
ayuntamiento de queretaro|2024-2027,manuel baez bolanos,[[Manuel Báez Bolaños]] - Secretario del Deporte,
ayuntamiento de queretaro|2024-2027,gonzalo alvarez zerecero,[[Gonzalo Álvarez Zerecero]] - Secretario de Innovación y Tecnología,
ayuntamiento de queretaro|2024-2027,adrian gonzalez chaparro,[[Adrián González Chaparro]] - Secretario de Administración,
ayuntamiento de queretaro|2024-2027,tania paola ruiz castro,[[Tania Paola Ruiz Castro]] - Directora del Sistema Municipal DIF,
beatriz guadalupe marmolejo rojas,benjamin rojas fonseca,Sobrina de [[Benjamín Rojas Fonseca]],
beatriz guadalupe marmolejo rojas,francisco dominguez servien,"Delegada Municipal de Santa Rosa Jáuregui, 2010-2012. Trienio de #[[Francisco Domínguez Servién]]",
beatriz guadalupe marmolejo rojas,marcos aguilar vega,"Secretaria de Desarrollo Humano y Social del Municipio de Querétaro, 2015-2018. Trienio de #[[Marcos Aguilar Vega]]",
benjamin noriega velasco,instituto metodista de queretaro,Dirigió desde 1895 y durante 20 años el #[[Instituto Metodista de Querétaro]] antecedente del #[[Instituto Militarizado Benjamin N Velasco]],
benjamin noriega velasco,instituto militarizado benjamin n velasco,Dirigió desde 1895 y durante 20 años el #[[Instituto Metodista de Querétaro]] antecedente del #[[Instituto Militarizado Benjamin N Velasco]],
benjamin noriega velasco,venustianocarranza,"Fue dirigente del Grupo Liberal Queretano y entregó una condecoración a #VenustianoCarranza, primer jefe del Ejército Constitucionalista.",hashtag
benjamin noriega velasco,carlota orozco,"Estuvo casado con doña #[[Carlota Orozco]], originaria de Tezontepec, Hidalgo.",
benjamin noriega velasco,venustianocarranza,"En 1915, estando Veracruz, formó parte de un grupo de 100 maestros constitucionalistas. #VenustianoCarranza le encomendó realizar un viaje a los Estados Unidos para observar el funcionamiento de las escuelas normales de aquel país. Estuvieron en Nashville, Chicago y Nueva York.",hashtag
benjamin noriega velasco,instituto metodista de queretaro,"Su sucesor como director del #[[Instituto Metodista de Querétaro]] fue el Dr. #VictorianoDBáez, quien se dedicó a restaurar el edificio y en 1918 le dio el nombre de D. Benjamín al Instituto.",
benjamin noriega velasco,victorianodbaez,"Su sucesor como director del #[[Instituto Metodista de Querétaro]] fue el Dr. #VictorianoDBáez, quien se dedicó a restaurar el edificio y en 1918 le dio el nombre de D. Benjamín al Instituto.",hashtag
benjamin rojas fonseca,pan,Regidor del [[PAN]] en el trienio de #[[Rolando García Ortiz]] en el [[Ayuntamiento de Querétaro 2000-2003]],
benjamin rojas fonseca,rolando garcia ortiz,Regidor del [[PAN]] en el trienio de #[[Rolando García Ortiz]] en el [[Ayuntamiento de Querétaro 2000-2003]],
benjamin rojas fonseca,ayuntamiento de queretaro|2000-2003,Regidor del [[PAN]] en el trienio de #[[Rolando García Ortiz]] en el [[Ayuntamiento de Querétaro 2000-2003]],
benjamin rojas fonseca,armando alejandro rivera castillejos,Delegado en Felipe Carrillo Puerto cuando [[Armando Alejandro Rivera Castillejos]] presidía el [[Ayuntamiento de Querétaro 2003-2006]],
benjamin rojas fonseca,ayuntamiento de queretaro|2003-2006,Delegado en Felipe Carrillo Puerto cuando [[Armando Alejandro Rivera Castillejos]] presidía el [[Ayuntamiento de Querétaro 2003-2006]],
braulio guerra urbiola,lvii legislatura del estado de queretaro,Diputado en la #[[LVII Legislatura del Estado de Querétaro]],
braulio guerra urbiola,lxiii legislatura federal,Diputado federal en la #[[LXIII Legislatura Federal]],
braulio guerra urbiola,tribunal superior de justicia de queretaro,Magistrado en el [[Tribunal Superior de Justicia de Querétaro]],
carlos alberto alcaraz gutierrez,sexenio|2021-2027,Secretario de Gobierno en el [[Sexenio 2021-2027]] con [[Mauricio Kuri González]],
carlos alberto alcaraz gutierrez,mauricio kuri gonzalez,Secretario de Gobierno en el [[Sexenio 2021-2027]] con [[Mauricio Kuri González]],
carlos gabriel lopez guerra,familia lopez guerra,Menor de los 8 hijos de la #[[Familia López Guerra]],
carlos salinas de gortari,miguel de la madrid hurtado,Secretario de Programación y Presupuesto con #[[Miguel de la Madrid Hurtado]],
carmen quintanar jurado,lii legislatura del estado de queretaro,Diputada en la #[[LII Legislatura del Estado de Querétaro]],
catalina vega gonzalez,facultad de bellasartes,Actriz egresada de la #[[Facultad de BellasArtes]] de la #[[Universidad Autónoma de Querétaro]],
catalina vega gonzalez,universidad autonoma de queretaro,Actriz egresada de la #[[Facultad de BellasArtes]] de la #[[Universidad Autónoma de Querétaro]],
concepcion resendiz,martin arango garcia,Casada con #[[Martin Arango García]],
cesar guerrero mendoza,arturo torres gutierrez,Coordinador de COPLADEM y Subsecretario de Desarrollo Social con #[[Arturo Torres Gutiérrez]] en el [[Ayuntamiento de Querétaro 2021-2024]],
cesar guerrero mendoza,ayuntamiento de queretaro|2021-2024,Coordinador de COPLADEM y Subsecretario de Desarrollo Social con #[[Arturo Torres Gutiérrez]] en el [[Ayuntamiento de Querétaro 2021-2024]],
cesar guerrero mendoza,ayuntamiento de queretaro|2018-2021,Delegado en Cayetano Rubio durante el [[Ayuntamiento de Querétaro 2018-2021]],
cesar guerrero mendoza,ayuntamiento de queretaro|2024-2027,Delegado en Josefa Vergara y Hernández en el [[Ayuntamiento de Querétaro 2024-2027]],
cesar guerrero mendoza,pan,Presidente del Comité Directivo Municipal del [[PAN]] en el municipio de Querétaro desde 2024,
cesar guerrero mendoza,simon guerrero contreras,Hijo de [[Simón Guerrero Contreras]],
daesy alvorada hinojosa rosas,lviii legislatura del estado de queretaro,Diputada en la #[[LVIII Legislatura del Estado de Querétaro]],
daesy alvorada hinojosa rosas,luis bernardo nava guerrero,"Directora del Instituto de Artes y Oficios, en municipio de Querétaro, segundo trienio de [[Luis Bernardo Nava Guerrero]]",
dante aguilar calvo,luis bernardo nava guerrero,Coordinador de Comunicación Social en los dos trienios de #[[Luis Bernardo Nava Guerrero]] como presidente municipal de Querétaro,
dante delgado ranauro,pri,Gobernador emanado del [[PRI]] en el estado de Veracruz,
dante delgado ranauro,convergencia,"Fundador del partido político [[Convergencia]], después denominado [[Movimiento Ciudadano]]",
dante delgado ranauro,movimiento ciudadano,"Fundador del partido político [[Convergencia]], después denominado [[Movimiento Ciudadano]]",
desarrollos residenciales turisticos,jose oleszcovski wassertell,Empresa del ramo inmobiliario fundada en 1993 por [[José Oleszcovski Wassertell]] y [[Víctor David Mena Aguilar]],
desarrollos residenciales turisticos,victor david mena aguilar,Empresa del ramo inmobiliario fundada en 1993 por [[José Oleszcovski Wassertell]] y [[Víctor David Mena Aguilar]],
dulce maria mendoza negrete,cesar guerrero mendoza,Madre de #[[César Guerrero Mendoza]] #[[Maritere Guerrero Mendoza]] y #[[Fernando Guerrero Mendoza]],
dulce maria mendoza negrete,maritere guerrero mendoza,Madre de #[[César Guerrero Mendoza]] #[[Maritere Guerrero Mendoza]] y #[[Fernando Guerrero Mendoza]],
dulce maria mendoza negrete,fernando guerrero mendoza,Madre de #[[César Guerrero Mendoza]] #[[Maritere Guerrero Mendoza]] y #[[Fernando Guerrero Mendoza]],
dulce maria mendoza negrete,simon guerrero contreras,Esposa de #[[Simón Guerrero Contreras]],
eduardo tomas nava bolanos,familia nava bolanos,Pertenece a la familia #[[Familia Nava Bolaños]],
eduardo tomas nava bolanos,familia nava hernandez,Formó la #[[Familia Nava Hernández]],
elvira guerra martinez,instituto militarizado benjamin n velasco,Maestra en el #[[Instituto Militarizado Benjamin N Velasco]],
elvira guerra martinez,guerramartinez,Hija en la familia #GuerraMartínez,hashtag
emiliano ponce lopez,catalina vega gonzalez,Tiene una relación de noviazgo con #[[Catalina Vega González]],
enrique antonio correa sada,ayuntamiento de queretaro|2015-2018,Síndico en el [[Ayuntamiento de Querétaro 2015-2018]],
enrique antonio correa sada,ayuntamiento de queretaro|2015-2018,Presidente municipal interino en el [[Ayuntamiento de Querétaro 2015-2018]],
enrique antonio correa sada,ayuntamiento de queretaro|2018-2021,Secretario de Servicios Públicos Municipales en [[Ayuntamiento de Querétaro 2018-2021]],
enrique antonio correa sada,pan,Presidente del Comité Directivo Municipal del [[PAN]],
enrique antonio correa sada,lvii legislatura del estado de queretaro,"Diputado Local en la [[LVII Legislatura del Estado de Querétaro]], en la [[LX Legislatura del Estado de Querétaro]] y en la [[LXI Legislatura del Estado de Querétaro]]",
enrique antonio correa sada,lx legislatura del estado de queretaro,"Diputado Local en la [[LVII Legislatura del Estado de Querétaro]], en la [[LX Legislatura del Estado de Querétaro]] y en la [[LXI Legislatura del Estado de Querétaro]]",
enrique antonio correa sada,lxi legislatura del estado de queretaro,"Diputado Local en la [[LVII Legislatura del Estado de Querétaro]], en la [[LX Legislatura del Estado de Querétaro]] y en la [[LXI Legislatura del Estado de Querétaro]]",
enrique burgos garcia,poder ejecutivo del estado de queretaro,Titular del #[[Poder Ejecutivo del Estado de Querétaro]] en el #Sexenio1991-1997,
enrique burgos garcia,sexenio|1991-1997,Titular del #[[Poder Ejecutivo del Estado de Querétaro]] en el #Sexenio1991-1997,hashtag
ernesto mejia botello,ayuntamiento de queretaro|2018-2021,Coordinador de COPLADEM durante el [[Ayuntamiento de Querétaro 2018-2021]],
ernesto mejia botello,poder ejecutivo del estado de queretaro,"Subsecretario de Desarrollo Comunitario y Regulación en la Secretaría de Desarrollo Social del [[Poder Ejecutivo del Estado de Querétaro]] , con [[Agustín Dorantes Lámbarri]] durante el [[Sexenio 2021-2027]]",
ernesto mejia botello,agustin dorantes lambarri,"Subsecretario de Desarrollo Comunitario y Regulación en la Secretaría de Desarrollo Social del [[Poder Ejecutivo del Estado de Querétaro]] , con [[Agustín Dorantes Lámbarri]] durante el [[Sexenio 2021-2027]]",
ernesto mejia botello,sexenio|2021-2027,"Subsecretario de Desarrollo Comunitario y Regulación en la Secretaría de Desarrollo Social del [[Poder Ejecutivo del Estado de Querétaro]] , con [[Agustín Dorantes Lámbarri]] durante el [[Sexenio 2021-2027]]",
escuela de sociologia,facultad de ciencias politicas y sociales,La Escuela de Sociología es el antecedente de la #[[Facultad de Ciencias Políticas y Sociales]] en la #[[Universidad Autónoma de Querétaro]],
escuela de sociologia,universidad autonoma de queretaro,La Escuela de Sociología es el antecedente de la #[[Facultad de Ciencias Políticas y Sociales]] en la #[[Universidad Autónoma de Querétaro]],
escuela de sociologia,carlos dorantes gonzalez,Fue fundada por el Dr. #[[Carlos Dorantes González]],
especialidad en comunicacion politica,facultad de ciencias politicas y sociales,La especialidad en Comunicación Política se imparte en la #[[Facultad de Ciencias Políticas y Sociales]] de la #[[Universidad Autónoma de Querétaro]],
especialidad en comunicacion politica,universidad autonoma de queretaro,La especialidad en Comunicación Política se imparte en la #[[Facultad de Ciencias Políticas y Sociales]] de la #[[Universidad Autónoma de Querétaro]],
especialidad en comunicacion politica,dante aguilar calvo,#[[Dante Aguilar Calvo]] cursó la especialidad en Comunicación Política en el año 2019,
especialidad en comunicacion politica,juanjosearreoladedios,#JuanJoséArreoladeDios cursó la especialidad en Comunicación Política en el año 2019,hashtag
especialidad en comunicacion politica,estela valenzuela,[[Estela Valenzuela]] cursó la especialidad en Comunicación Política en el año 2019.,
estela valenzuela,marcos aguilar vega,Trabajó como coordinadora de Comunicación Social en el trienio de #[[Marcos Aguilar Vega]] como presidente municipal del [[Ayuntamiento de Querétaro 2015-2018]],
estela valenzuela,ayuntamiento de queretaro|2015-2018,Trabajó como coordinadora de Comunicación Social en el trienio de #[[Marcos Aguilar Vega]] como presidente municipal del [[Ayuntamiento de Querétaro 2015-2018]],
estela valenzuela,arturo maximiliano garcia perez,Coordinadora de Comunicación Social de [[Arturo Maximiliano García Pérez]] en la [[LXI Legislatura del Estado de Querétaro]],
estela valenzuela,lxi legislatura del estado de queretaro,Coordinadora de Comunicación Social de [[Arturo Maximiliano García Pérez]] en la [[LXI Legislatura del Estado de Querétaro]],
estrella rojas loreto,guadalupe murguia gutierrez,"Senadora, suplente de [[Guadalupe Murguía Gutiérrez]]",
estrella rojas loreto,jose luis baez guerrero,Casada con [[José Luis Báez Guerrero]],
estrella rojas loreto,benjamin rojas fonseca,Hija de [[Benjamín Rojas Fonseca]],
estrella rojas loreto,familia rojas loreto,Forma parte de la [[Familia Rojas Loreto]],
estrella rojas loreto,ayuntamiento de queretaro|2024-2027,Delegada del Centro Histórico en el [[Ayuntamiento de Querétaro 2024-2027]],
facultad de ciencias politicas y sociales,escuela de sociologia,La #[[Escuela de Sociología]] de la #[[Universidad Autónoma de Querétaro]] se transformó en la Facultad de Ciencias Políticas y Sociales en 1997.,
facultad de ciencias politicas y sociales,universidad autonoma de queretaro,La #[[Escuela de Sociología]] de la #[[Universidad Autónoma de Querétaro]] se transformó en la Facultad de Ciencias Políticas y Sociales en 1997.,
facultad de ciencias politicas y sociales,licenciaturaencienciaspoliticasyadministracionpublica,En el año de 1997 abrió dos nuevas licenciaturas: #LicenciaturaenCienciasPolíticasyAdministraciónPública y la #LicenciaturaenPeriodismoyComunicación,hashtag
facultad de ciencias politicas y sociales,licenciaturaenperiodismoycomunicacion,En el año de 1997 abrió dos nuevas licenciaturas: #LicenciaturaenCienciasPolíticasyAdministraciónPública y la #LicenciaturaenPeriodismoyComunicación,hashtag
facultad de ciencias politicas y sociales,martagloriamoralesgarza,La Dra. #MartaGloriaMoralesGarza fue la primera directora ya en calidad de Facultad,hashtag
familia alcocer pozo,manuel alcocer frias,La familia Alcocer Pozo surge por el matrimonio entre [[Manuel Alcocer Frías]] con [[Guadalupe Pozo Balbás]].,
familia alcocer pozo,guadalupe pozo balbas,La familia Alcocer Pozo surge por el matrimonio entre [[Manuel Alcocer Frías]] con [[Guadalupe Pozo Balbás]].,
familia aranda alvarez,juan aranda,"[[Juan Aranda]] y MargaritaÁlvarez formaron la familia Aranda Álvarez, entre sus hijas están [[Carolina Aranda Álvarez]] y [[Bertha Aranda Álvarez]]",
familia aranda alvarez,carolina aranda alvarez,"[[Juan Aranda]] y MargaritaÁlvarez formaron la familia Aranda Álvarez, entre sus hijas están [[Carolina Aranda Álvarez]] y [[Bertha Aranda Álvarez]]",
familia aranda alvarez,bertha aranda alvarez,"[[Juan Aranda]] y MargaritaÁlvarez formaron la familia Aranda Álvarez, entre sus hijas están [[Carolina Aranda Álvarez]] y [[Bertha Aranda Álvarez]]",
familia botello aranda,jose alfredo botello montes,#[[José Alfredo Botello Montes]] y #[[Carolina Aranda Álvarez]] formaron la familia Botello Aranda.,
familia botello aranda,carolina aranda alvarez,#[[José Alfredo Botello Montes]] y #[[Carolina Aranda Álvarez]] formaron la familia Botello Aranda.,
familia botello montes,juan botello orta,"[[Juan Botello Orta]] se casó con [[María de los Angeles Montes Hernández]] un 14 de octubre de 1964, en la parroquia de Santiago. Fruto de la unión nacieron ocho hijos:  [[José Alfredo Botello Montes]], [[José Gustavo Botello Montes]] #[[Juan Botello Montes]] #[[Enrique Botello Montes]]",
familia botello montes,maria de los angeles montes hernandez,"[[Juan Botello Orta]] se casó con [[María de los Angeles Montes Hernández]] un 14 de octubre de 1964, en la parroquia de Santiago. Fruto de la unión nacieron ocho hijos:  [[José Alfredo Botello Montes]], [[José Gustavo Botello Montes]] #[[Juan Botello Montes]] #[[Enrique Botello Montes]]",
familia botello montes,jose alfredo botello montes,"[[Juan Botello Orta]] se casó con [[María de los Angeles Montes Hernández]] un 14 de octubre de 1964, en la parroquia de Santiago. Fruto de la unión nacieron ocho hijos:  [[José Alfredo Botello Montes]], [[José Gustavo Botello Montes]] #[[Juan Botello Montes]] #[[Enrique Botello Montes]]",
familia botello montes,jose gustavo botello montes,"[[Juan Botello Orta]] se casó con [[María de los Angeles Montes Hernández]] un 14 de octubre de 1964, en la parroquia de Santiago. Fruto de la unión nacieron ocho hijos:  [[José Alfredo Botello Montes]], [[José Gustavo Botello Montes]] #[[Juan Botello Montes]] #[[Enrique Botello Montes]]",
familia botello montes,juan botello montes,"[[Juan Botello Orta]] se casó con [[María de los Angeles Montes Hernández]] un 14 de octubre de 1964, en la parroquia de Santiago. Fruto de la unión nacieron ocho hijos:  [[José Alfredo Botello Montes]], [[José Gustavo Botello Montes]] #[[Juan Botello Montes]] #[[Enrique Botello Montes]]",
familia botello montes,enrique botello montes,"[[Juan Botello Orta]] se casó con [[María de los Angeles Montes Hernández]] un 14 de octubre de 1964, en la parroquia de Santiago. Fruto de la unión nacieron ocho hijos:  [[José Alfredo Botello Montes]], [[José Gustavo Botello Montes]] #[[Juan Botello Montes]] #[[Enrique Botello Montes]]",
familia casillas aranda,apolinar casillas gutierrez,[[Apolinar Casillas Gutiérrez]] y [[Bertha Aranda Álvarez]] formaron la familia Casillas Aranda.,
familia casillas aranda,bertha aranda alvarez,[[Apolinar Casillas Gutiérrez]] y [[Bertha Aranda Álvarez]] formaron la familia Casillas Aranda.,
familia guerrero mendoza,simon guerrero contreras,La familia Contreras Mendoza se formó con el Matrimonio de #[[Simón Guerrero Contreras]] y #[[Dulce María Mendoza Negrete]],
familia guerrero mendoza,dulce maria mendoza negrete,La familia Contreras Mendoza se formó con el Matrimonio de #[[Simón Guerrero Contreras]] y #[[Dulce María Mendoza Negrete]],
familia guerrero mendoza,fernando guerrero mendoza,"Los hijos del matrimonio son: #[[Fernando Guerrero Mendoza]], #[[Maritere Guerrero Mendoza]] #[[César Guerrero Mendoza]]",
familia guerrero mendoza,maritere guerrero mendoza,"Los hijos del matrimonio son: #[[Fernando Guerrero Mendoza]], #[[Maritere Guerrero Mendoza]] #[[César Guerrero Mendoza]]",
familia guerrero mendoza,cesar guerrero mendoza,"Los hijos del matrimonio son: #[[Fernando Guerrero Mendoza]], #[[Maritere Guerrero Mendoza]] #[[César Guerrero Mendoza]]",
familia kuri gonzalez,yamil kuri barquet,La familia Kuri González se forma por la unión de [[Yamil Kuri Barquet]] y [[Sabina González Ibarra]],
familia kuri gonzalez,sabina gonzalez ibarra,La familia Kuri González se forma por la unión de [[Yamil Kuri Barquet]] y [[Sabina González Ibarra]],
familia lopez guerra,agustin lopez y lopez,#[[Agustín López y López]] se casó con #[[Elvira Guerra Martínez]] y formaron la familia López Guerra. Tuvieron 8 hijos: #[[Imelda López Guerra]] #AmadoLópezGuerra #[[Agustín López Guerra]] #[[Susana López Guerra]] #EduardoLópezGuerra #DavidLópezGuerra #[[Sol Elvira López Guerra]] y #[[Carlos Gabriel López Guerra]],
familia lopez guerra,elvira guerra martinez,#[[Agustín López y López]] se casó con #[[Elvira Guerra Martínez]] y formaron la familia López Guerra. Tuvieron 8 hijos: #[[Imelda López Guerra]] #AmadoLópezGuerra #[[Agustín López Guerra]] #[[Susana López Guerra]] #EduardoLópezGuerra #DavidLópezGuerra #[[Sol Elvira López Guerra]] y #[[Carlos Gabriel López Guerra]],
familia lopez guerra,imelda lopez guerra,#[[Agustín López y López]] se casó con #[[Elvira Guerra Martínez]] y formaron la familia López Guerra. Tuvieron 8 hijos: #[[Imelda López Guerra]] #AmadoLópezGuerra #[[Agustín López Guerra]] #[[Susana López Guerra]] #EduardoLópezGuerra #DavidLópezGuerra #[[Sol Elvira López Guerra]] y #[[Carlos Gabriel López Guerra]],
familia lopez guerra,agustin lopez guerra,#[[Agustín López y López]] se casó con #[[Elvira Guerra Martínez]] y formaron la familia López Guerra. Tuvieron 8 hijos: #[[Imelda López Guerra]] #AmadoLópezGuerra #[[Agustín López Guerra]] #[[Susana López Guerra]] #EduardoLópezGuerra #DavidLópezGuerra #[[Sol Elvira López Guerra]] y #[[Carlos Gabriel López Guerra]],
familia lopez guerra,susana lopez guerra,#[[Agustín López y López]] se casó con #[[Elvira Guerra Martínez]] y formaron la familia López Guerra. Tuvieron 8 hijos: #[[Imelda López Guerra]] #AmadoLópezGuerra #[[Agustín López Guerra]] #[[Susana López Guerra]] #EduardoLópezGuerra #DavidLópezGuerra #[[Sol Elvira López Guerra]] y #[[Carlos Gabriel López Guerra]],
familia lopez guerra,sol elvira lopez guerra,#[[Agustín López y López]] se casó con #[[Elvira Guerra Martínez]] y formaron la familia López Guerra. Tuvieron 8 hijos: #[[Imelda López Guerra]] #AmadoLópezGuerra #[[Agustín López Guerra]] #[[Susana López Guerra]] #EduardoLópezGuerra #DavidLópezGuerra #[[Sol Elvira López Guerra]] y #[[Carlos Gabriel López Guerra]],
familia lopez guerra,carlos gabriel lopez guerra,#[[Agustín López y López]] se casó con #[[Elvira Guerra Martínez]] y formaron la familia López Guerra. Tuvieron 8 hijos: #[[Imelda López Guerra]] #AmadoLópezGuerra #[[Agustín López Guerra]] #[[Susana López Guerra]] #EduardoLópezGuerra #DavidLópezGuerra #[[Sol Elvira López Guerra]] y #[[Carlos Gabriel López Guerra]],
familia lopez guerra,amadolopezguerra,#[[Agustín López y López]] se casó con #[[Elvira Guerra Martínez]] y formaron la familia López Guerra. Tuvieron 8 hijos: #[[Imelda López Guerra]] #AmadoLópezGuerra #[[Agustín López Guerra]] #[[Susana López Guerra]] #EduardoLópezGuerra #DavidLópezGuerra #[[Sol Elvira López Guerra]] y #[[Carlos Gabriel López Guerra]],hashtag
familia lopez guerra,eduardolopezguerra,#[[Agustín López y López]] se casó con #[[Elvira Guerra Martínez]] y formaron la familia López Guerra. Tuvieron 8 hijos: #[[Imelda López Guerra]] #AmadoLópezGuerra #[[Agustín López Guerra]] #[[Susana López Guerra]] #EduardoLópezGuerra #DavidLópezGuerra #[[Sol Elvira López Guerra]] y #[[Carlos Gabriel López Guerra]],hashtag
familia lopez guerra,davidlopezguerra,#[[Agustín López y López]] se casó con #[[Elvira Guerra Martínez]] y formaron la familia López Guerra. Tuvieron 8 hijos: #[[Imelda López Guerra]] #AmadoLópezGuerra #[[Agustín López Guerra]] #[[Susana López Guerra]] #EduardoLópezGuerra #DavidLópezGuerra #[[Sol Elvira López Guerra]] y #[[Carlos Gabriel López Guerra]],hashtag
familia lopez y lopez,agustin romero lopez,La familia López y López se formó con el matrimonio de #[[Agustín Romero López]] e #[[Imelda López Hernández]],
familia lopez y lopez,imelda lopez hernandez,La familia López y López se formó con el matrimonio de #[[Agustín Romero López]] e #[[Imelda López Hernández]],
familia lopez y lopez,amado lopez y lopez,Tuvieron cuatro hijos #[[Amado López y López]] #[[Susana López y López]] #[[Agustín López y López]] y #[[Adolfo López y López]],
familia lopez y lopez,susana lopez y lopez,Tuvieron cuatro hijos #[[Amado López y López]] #[[Susana López y López]] #[[Agustín López y López]] y #[[Adolfo López y López]],
familia lopez y lopez,agustin lopez y lopez,Tuvieron cuatro hijos #[[Amado López y López]] #[[Susana López y López]] #[[Agustín López y López]] y #[[Adolfo López y López]],
familia lopez y lopez,adolfo lopez y lopez,Tuvieron cuatro hijos #[[Amado López y López]] #[[Susana López y López]] #[[Agustín López y López]] y #[[Adolfo López y López]],
familia mejia botello,guadalupebotello,Madre: #GuadalupeBotello,hashtag
familia mejia botello,ernesto mejia botello,Hijo #[[Ernesto Mejía Botello]],
familia morales barbosa,gabriel morales lopez,#[[Gabriel Morales López]] y #[[Violeta Fabiola Barbosa Villanueva]] se conocieron en la primaria Gabriela Mistral.,
familia morales barbosa,violeta fabiola barbosa villanueva,#[[Gabriel Morales López]] y #[[Violeta Fabiola Barbosa Villanueva]] se conocieron en la primaria Gabriela Mistral.,
familia morales barbosa,leonardo morales barbosa,El 9 de abril de 2011 nació #[[Leonardo Morales Barbosa]],
familia morales barbosa,aranza morales barbosa,El 17 de enero de 2015 nació #[[Aranza Morales Barbosa]],
familia morales lopez,gregorio morales aviles,#[[Gregorio Morales Avilés]] se casó con #[[Imelda López Guerra]] el 24 de febrero de 1973,
familia morales lopez,imelda lopez guerra,#[[Gregorio Morales Avilés]] se casó con #[[Imelda López Guerra]] el 24 de febrero de 1973,
familia morales lopez,dario morales lopez,Del matrimonio nació #[[Darío Morales López]] el 31 de enero de 1975 y #[[Gabriel Morales López]] el 22 de mayo de 1979.,
familia morales lopez,gabriel morales lopez,Del matrimonio nació #[[Darío Morales López]] el 31 de enero de 1975 y #[[Gabriel Morales López]] el 22 de mayo de 1979.,
familia nava bolanos,arturo nava bolanos,#[[Arturo Nava Bolaños]] es hermano de #[[Eduardo Tomás Nava Bolaños]],
familia nava bolanos,eduardo tomas nava bolanos,#[[Arturo Nava Bolaños]] es hermano de #[[Eduardo Tomás Nava Bolaños]],
familia nava guerrero,arturo nava bolanos,"#[[Arturo Nava Bolaños]], papá",
familia nava hernandez,eduardo tomas nava bolanos,La familia se formó por el matrimonio de [[Eduardo Tomás Nava Bolaños]] y #LiliaHernández,
familia nava hernandez,liliahernandez,La familia se formó por el matrimonio de [[Eduardo Tomás Nava Bolaños]] y #LiliaHernández,hashtag
familia palacios alcocer,samuel palacios borja,La familia Palacios Alcocer se formó con el matrimonio de [[Samuel Palacios Borja]] con [[María de la Luz Alcocer Pozo]].,
familia palacios alcocer,maria de la luz alcocer pozo,La familia Palacios Alcocer se formó con el matrimonio de [[Samuel Palacios Borja]] con [[María de la Luz Alcocer Pozo]].,
familia palacios gonzalez,mariano palacios alcocer,#[[Mariano Palacios Alcocer]] formó con #[[Ana María González]] la familia Palacios González,
familia palacios gonzalez,ana maria gonzalez,#[[Mariano Palacios Alcocer]] formó con #[[Ana María González]] la familia Palacios González,
familia palacios kuri,humberto palacios alcocer,#[[Humberto Palacios Alcocer]] contrajo matrimonio con #[[Martha Beatriz Kuri González]],
familia palacios kuri,martha beatriz kuri gonzalez,#[[Humberto Palacios Alcocer]] contrajo matrimonio con #[[Martha Beatriz Kuri González]],
familia palacios kuri,humberto palacios kuri,Sus hijos son #[[Humberto Palacios Kuri]] y #[[Tania Palacios Kuri]],
familia palacios kuri,tania palacios kuri,Sus hijos son #[[Humberto Palacios Kuri]] y #[[Tania Palacios Kuri]],
familia ponce lopez,sol elvira lopez guerra,#[[Sol Elvira López Guerra]] contrajo matrimonio con #[[Juan Carlos Ponce Diez Marina]] y tuvieron un hijo: #[[Emiliano Ponce López]],
familia ponce lopez,juan carlos ponce diez marina,#[[Sol Elvira López Guerra]] contrajo matrimonio con #[[Juan Carlos Ponce Diez Marina]] y tuvieron un hijo: #[[Emiliano Ponce López]],
familia ponce lopez,emiliano ponce lopez,#[[Sol Elvira López Guerra]] contrajo matrimonio con #[[Juan Carlos Ponce Diez Marina]] y tuvieron un hijo: #[[Emiliano Ponce López]],
familia puga tovar,pilar puga tovar,"Hermanos #[[Pilar Puga Tovar]], #[[Rafael Puga Tovar]], #[[José Puga Tovar]]",
familia puga tovar,rafael puga tovar,"Hermanos #[[Pilar Puga Tovar]], #[[Rafael Puga Tovar]], #[[José Puga Tovar]]",
familia puga tovar,jose puga tovar,"Hermanos #[[Pilar Puga Tovar]], #[[Rafael Puga Tovar]], #[[José Puga Tovar]]",
familia puga tovar,jose puga vertiz,Padre: #[[José Puga Vértiz]],
familia rojas loreto,benjamin rojas fonseca,Papá: #[[Benjamín Rojas Fonseca]],
familia rojas loreto,sonia rojas loreto,"Hermanos: #[[Sonia Rojas Loreto]], #[[Alberto Rojas Loreto]], #[[Estrella Rojas Loreto]]",
familia rojas loreto,alberto rojas loreto,"Hermanos: #[[Sonia Rojas Loreto]], #[[Alberto Rojas Loreto]], #[[Estrella Rojas Loreto]]",
familia rojas loreto,estrella rojas loreto,"Hermanos: #[[Sonia Rojas Loreto]], #[[Alberto Rojas Loreto]], #[[Estrella Rojas Loreto]]",
familia romero lopez,agustin romero lopez,"La familia López Romero o Romero López se forma con la unión de #AmadoLópez y #MáximaRomero, Su hijo fue #[[Agustín Romero López]]",
familia romero lopez,amadolopez,"La familia López Romero o Romero López se forma con la unión de #AmadoLópez y #MáximaRomero, Su hijo fue #[[Agustín Romero López]]",hashtag
familia romero lopez,maximaromero,"La familia López Romero o Romero López se forma con la unión de #AmadoLópez y #MáximaRomero, Su hijo fue #[[Agustín Romero López]]",hashtag
favorites,gabriel morales lopez,#[[Gabriel Morales López]],
felipe fernando macias olvera,lxivlegislaturafederal,"Diputado Federal por el Distrito 04 de Querétaro, la [[LXIVLegislaturaFederal]] y en la",
felipe fernando macias olvera,ayuntamiento de queretaro|2015-2018,Regidor del [[Ayuntamiento de Querétaro 2015-2018]],
felipe fernando macias olvera,ricardo anaya cortes,Encargado de redes sociales con [[Ricardo Anaya Cortés]],
felipe fernando macias olvera,ayuntamiento de queretaro|2024-2027,Presidente municipal en el [[Ayuntamiento de Querétaro 2024-2027]],
fernando gonzalez salinas,mauricio kuri gonzalez,"Secretario de Obras Públicas con [[Mauricio Kuri González]], en el [[Sexenio 2021-2027]].",
fernando gonzalez salinas,sexenio|2021-2027,"Secretario de Obras Públicas con [[Mauricio Kuri González]], en el [[Sexenio 2021-2027]].",
fernando gonzalez salinas,jose pio x salgado tovar,Fue relevado por [[José Pío X Salgado Tovar]],
fernando guerrero mendoza,luis bernardo nava guerrero,"Fernando Guerrero fue director del Instituto Municipal de la Juventud en la primera administración de #[[Luis Bernardo Nava Guerrero]], en el trienio 2018-2021.",
fernando guerrero mendoza,sara urbiola jimenez,Contrajo nupcias con [[Sara Urbiola Jiménez]] el 11 de noviembre de 2023.,
fernando ortiz arana,luis donaldo colosio murrieta,Presidente Nacional del PRI en 1994 cuando fue asesinado #[[Luis Donaldo Colosio Murrieta]],
fernando urbiola ledesma,sara bertha jimenez guillen,Está casado con #[[Sara Bertha Jiménez Guillén]],
francisco dominguez servien,sexenio|2015-2021,Gobernador de Querétaro en el #[[Sexenio 2015-2021]],
francisco garrido patron,poder ejecutivo del estado de queretaro,Titular del #[[Poder Ejecutivo del Estado de Querétaro]] en el #[[Sexenio 2003-2009]],
francisco garrido patron,sexenio|2003-2009,Titular del #[[Poder Ejecutivo del Estado de Querétaro]] en el #[[Sexenio 2003-2009]],
gabriel morales lopez,familia morales lopez,"Nació en Querétaro el 22 de mayo de 1979, hijo en la familia #[[Familia Morales López]]",
gabriel morales lopez,violeta fabiola barbosa villanueva,Cursó la primaria en la #EscuelaGabrielaMistral entre 1985 y 1991 donde conoció a #[[Violeta Fabiola Barbosa Villanueva]],
gabriel morales lopez,escuelagabrielamistral,Cursó la primaria en la #EscuelaGabrielaMistral entre 1985 y 1991 donde conoció a #[[Violeta Fabiola Barbosa Villanueva]],hashtag
gabriel morales lopez,colegionuevocontinente,Cursó la secundaria en el #ColegioNuevoContinente entre 1991 y 1994,hashtag
gabriel morales lopez,itesm cq,Cursó el Bachillerato Bilingüe en el #ITESM-CQ entre 1994 y 1997,hashtag
gabriel morales lopez,facultad de ciencias politicas y sociales,Cursó la Licenciatura en Periodismo y Comunicación en la #[[Facultad de Ciencias Políticas y Sociales]] de la #[[Universidad Autónoma de Querétaro]],
gabriel morales lopez,universidad autonoma de queretaro,Cursó la Licenciatura en Periodismo y Comunicación en la #[[Facultad de Ciencias Políticas y Sociales]] de la #[[Universidad Autónoma de Querétaro]],
gabriel morales lopez,facultad de ciencias politicas y sociales,Ha sido profesor en la #[[Facultad de Ciencias Políticas y Sociales]] desde 2007 en la Licenciatura en Comunicación y Periodismo y la #[[Especialidad en Comunicación Política]],
gabriel morales lopez,especialidad en comunicacion politica,Ha sido profesor en la #[[Facultad de Ciencias Políticas y Sociales]] desde 2007 en la Licenciatura en Comunicación y Periodismo y la #[[Especialidad en Comunicación Política]],
gabriel morales lopez,familia morales barbosa,El 24 de enero de 2009 formó la #[[Familia Morales Barbosa]],
gabriel morales lopez,enrique antonio correa sada,Trabajó con #[[Enrique Antonio Correa Sada]] #[[Beatriz Guadalupe Marmolejo Rojas]] y #[[Jorge Arturo Lomelí Noriega]] en la #[[LVII Legislatura del Estado de Querétaro]],
gabriel morales lopez,beatriz guadalupe marmolejo rojas,Trabajó con #[[Enrique Antonio Correa Sada]] #[[Beatriz Guadalupe Marmolejo Rojas]] y #[[Jorge Arturo Lomelí Noriega]] en la #[[LVII Legislatura del Estado de Querétaro]],
gabriel morales lopez,jorge arturo lomeli noriega,Trabajó con #[[Enrique Antonio Correa Sada]] #[[Beatriz Guadalupe Marmolejo Rojas]] y #[[Jorge Arturo Lomelí Noriega]] en la #[[LVII Legislatura del Estado de Querétaro]],
gabriel morales lopez,lvii legislatura del estado de queretaro,Trabajó con #[[Enrique Antonio Correa Sada]] #[[Beatriz Guadalupe Marmolejo Rojas]] y #[[Jorge Arturo Lomelí Noriega]] en la #[[LVII Legislatura del Estado de Querétaro]],
gabriel morales lopez,gerardo gabriel cuanalo santos,Trabajó con #[[Gerardo Gabriel Cuanalo Santos]] en la #[[LXIII Legislatura Federal]],
gabriel morales lopez,lxiii legislatura federal,Trabajó con #[[Gerardo Gabriel Cuanalo Santos]] en la #[[LXIII Legislatura Federal]],
gabriel morales lopez,lea remis lefaure,"Reportero en Multimundo Radio bajo las órdenes de #[[Lea Remis LeFaure]] en la Jefatura de Información y #[[José Andrés Estévez Nieto]] en la conducción del noticiairo ""ParaContinuar"".",
gabriel morales lopez,jose andres estevez nieto,"Reportero en Multimundo Radio bajo las órdenes de #[[Lea Remis LeFaure]] en la Jefatura de Información y #[[José Andrés Estévez Nieto]] en la conducción del noticiairo ""ParaContinuar"".",
gabriel morales lopez,malena hernandez,Conductor y jefe de información del noticiario Coup D'Etat junto con #[[Malena Hernández]],
gabriel morales lopez,carlos alberto alcaraz gutierrez,"Fue productor, Junto con #[[Carlos Alberto Alcaraz Gutiérrez]] del noticiairo matutino ""Traigo Noticias",
gerardo gabriel cuanalo santos,sexenio|2021-2027,Director de la Agencia de Movilidad en el Poder Ejecutivo del Estado de Querétaro [[Sexenio 2021-2027]],
gerardo gabriel cuanalo santos,lxiii legislatura federal,Diputado en la [[LXIII Legislatura Federal]],
gerardo gabriel cuanalo santos,ayuntamiento de queretaro|2012-2015,Regidor en el [[Ayuntamiento de Querétaro 2012-2015]],
german borja garcia,ayuntamiento de corregidora|2006-2009,Presidente Municipal de Corregidora en el #[[Ayuntamiento de Corregidora 2006-2009]],
german borja garcia,francisco dominguez servien,Director del Instituto de Vivienda en el sexenio de #[[Francisco Domínguez Servién]],
german borja garcia,lvii legislatura del estado de queretaro,Diputado en la #[[LVII Legislatura del Estado de Querétaro]],
gregorio morales aviles,familia morales lopez,Padre en la #[[Familia Morales López]],
guadalupe murguia gutierrez,lxiii legislatura federal,Diputada en la #[[LXIII Legislatura Federal]],
guadalupe murguia gutierrez,lxiii legislatura federal,Presidenta de la Mesa Directiva de la Cámara de Diputados en la #[[LXIII Legislatura Federal]],
guadalupe murguia gutierrez,sexenio|2021-2027,Secretaria de Gobierno en el #Sexenio1997-2003 y en el #[[Sexenio 2021-2027]],
guadalupe murguia gutierrez,sexenio|1997-2003,Secretaria de Gobierno en el #Sexenio1997-2003 y en el #[[Sexenio 2021-2027]],hashtag
guadalupe murguia gutierrez,sexenio|2003-2009,Secretaria de Educación en el #[[Sexenio 2003-2009]],
guadalupe murguia gutierrez,mauricio kuri gonzalez,Candidata al Senado de la República en fórmula con #[[Mauricio Kuri González]],
guadalupe murguia gutierrez,lxivlegislaturafederal,Senadora de la República del PAN en la #LXIVLegislaturaFederal,hashtag
guadalupe pozo balbas,agapito pozo balbas,Hermana del exgobernador de Querétaro #[[Agapito Pozo Balbás]],
guillermo vega guerrero,lvii legislatura del estado de queretaro,Diputado en la #[[LVII Legislatura del Estado de Querétaro]] en la que fue Coordinador del Grupo Parlamentario del PAN y Presidente de la Junta de Concertación Política,
guillermo vega guerrero,ayuntamiento de san juan del rio|2015-2018,Presidente municipal en el #[[Ayuntamiento de San Juan del Río 2015-2018]] y en el #[[Ayuntamiento de San Juan del Río 2018-2021]],
guillermo vega guerrero,ayuntamiento de san juan del rio|2018-2021,Presidente municipal en el #[[Ayuntamiento de San Juan del Río 2015-2018]] y en el #[[Ayuntamiento de San Juan del Río 2018-2021]],
gustavo leal maya,mauricio kuri gonzalez,Secretario de Finanzas con [[Mauricio Kuri González]] en el [[Ayuntamiento de Corregidora 2015-2018]],
gustavo leal maya,ayuntamiento de corregidora|2015-2018,Secretario de Finanzas con [[Mauricio Kuri González]] en el [[Ayuntamiento de Corregidora 2015-2018]],
gustavo leal maya,poder ejecutivo del estado de queretaro,Secretario de Finanzas en el [[Poder Ejecutivo del Estado de Querétaro]] con [[Mauricio Kuri González]] en el [[Sexenio 2021-2027]],
gustavo leal maya,mauricio kuri gonzalez,Secretario de Finanzas en el [[Poder Ejecutivo del Estado de Querétaro]] con [[Mauricio Kuri González]] en el [[Sexenio 2021-2027]],
gustavo leal maya,sexenio|2021-2027,Secretario de Finanzas en el [[Poder Ejecutivo del Estado de Querétaro]] con [[Mauricio Kuri González]] en el [[Sexenio 2021-2027]],
hernandez quintanar,jesus carlos hernandez martinez,#[[Jesús Carlos Hernández Martínez]] está casado con #[[Carmen Quintanar Jurado]],
hernandez quintanar,carmen quintanar jurado,#[[Jesús Carlos Hernández Martínez]] está casado con #[[Carmen Quintanar Jurado]],
humberto palacios kuri,notaria 65,Humberto Palacios Kuri es titular de la [[Notaría 65]] de Querétaro.,
humberto palacios kuri,tania palacios kuri,Es hermano de [[Tania Palacios Kuri]],
humberto palacios kuri,silvia elena diaz de leon lomelin,Humberto Palacios Kuri se casó con [[Silvia Elena Díaz de León Lomelín]] por el civil en octubre de 2020,
ignacio loyola vera,fernando ortiz arana,Primer gobernador panista de Querétaro en el #Sexenio1997-2003 tras ganar la elección a #[[Fernando Ortiz Arana]] del #PRI,
ignacio loyola vera,sexenio|1997-2003,Primer gobernador panista de Querétaro en el #Sexenio1997-2003 tras ganar la elección a #[[Fernando Ortiz Arana]] del #PRI,hashtag
ignacio loyola vera,pri,Primer gobernador panista de Querétaro en el #Sexenio1997-2003 tras ganar la elección a #[[Fernando Ortiz Arana]] del #PRI,hashtag
ignacio loyola vera,poder ejecutivo del estado de queretaro,Titular del #[[Poder Ejecutivo del Estado de Querétaro]] en el #Sexenio1997-2003,
ignacio loyola vera,sexenio|1997-2003,Titular del #[[Poder Ejecutivo del Estado de Querétaro]] en el #Sexenio1997-2003,hashtag
imelda lopez guerra,familia morales lopez,Mamá en #[[Familia Morales López]],
imelda lopez guerra,familia lopez guerra,Hija en la #[[Familia López Guerra]],
imelda lopez guerra,facultad de psicologia,Estudió la Licenciatura en Psicología en la #[[Facultad de Psicología]] de la #[[Universidad Autónoma de Querétaro]],
imelda lopez guerra,universidad autonoma de queretaro,Estudió la Licenciatura en Psicología en la #[[Facultad de Psicología]] de la #[[Universidad Autónoma de Querétaro]],
imelda lopez hernandez,instituto militarizado benjamin n velasco,"Imelda López Hernández fue egresada de la Normal de Puebla, especializada en Matemáticas, docente en el #[[Instituto Militarizado Benjamin N Velasco]]",
instituto metodista de queretaro,instituto militarizado benjamin n velasco,Instituto fundado por la Iglesia Metodista de México. Se transformó en el #[[Instituto Militarizado Benjamin N Velasco]],
instituto militarizado benjamin n velasco,benjamin noriega velasco,El Dr. Samuel W. Siberts fue el único misionero en la historia del instituto. En ese año le entregó la dirección a #[[Benjamín Noriega Velasco]].,
instituto militarizado benjamin n velasco,lazaro cardenas delrio,"El 27 de agosto de 1940, con la visita del presidente #[[Lázaro Cárdenas DelRío]], se inició la militarización del Instituto.",
jesus galvan mendez,sindicato nacional de trabajadores de la educacion,Fue secretario general de la Sección 24 del [[Sindicato Nacional de Trabajadores de la Educación]],
jesus puga tovar,familia puga tovar,Forma parte de la #[[Familia Puga Tovar]],
joaquin san roman novoa,mauricio kuri gonzalez,Director de Radio y Televisión Querétaro en el sexenio de #[[Mauricio Kuri González]],
joaquin san roman novoa,jose andres estevez nieto,"Periodista. Conductor radiofónico en Multimundo Radio, conductor del noticiario Para Continuar junto con #[[José Andrés Estévez Nieto]]",
jorge arturo lomeli noriega,pan,"Candidato a la Presidencia Municipal de El Marqués en los años 2000, 2009 (por el [[PAN]] ), 2018 y 2024 (por [[MORENA]] ).",
jorge arturo lomeli noriega,morena,"Candidato a la Presidencia Municipal de El Marqués en los años 2000, 2009 (por el [[PAN]] ), 2018 y 2024 (por [[MORENA]] ).",
jorge arturo lomeli noriega,pan,Diputado local del [[PAN]] [[LVII Legislatura del Estado de Querétaro]],
jorge arturo lomeli noriega,lvii legislatura del estado de queretaro,Diputado local del [[PAN]] [[LVII Legislatura del Estado de Querétaro]],
jorge arturo lomeli noriega,estela ayala,Casado con [[Estela Ayala]],
josue guerrero trapala,ayuntamiento de corregidora|2024-2027,Presidente municipal en el [[Ayuntamiento de Corregidora 2024-2027]],
jose alfredo botello montes,francisco garrido patron,Secretario de Gobierno con [[Francisco Garrido Patrón]] en el #[[Sexenio 2003-2009]],
jose alfredo botello montes,sexenio|2003-2009,Secretario de Gobierno con [[Francisco Garrido Patrón]] en el #[[Sexenio 2003-2009]],
jose alfredo botello montes,francisco dominguez servien,Secretario de Educación con [[Francisco Domínguez Servién]] en el [[Sexenio 2015-2021]],
jose alfredo botello montes,sexenio|2015-2021,Secretario de Educación con [[Francisco Domínguez Servién]] en el [[Sexenio 2015-2021]],
jose alfredo botello montes,mauricio kuri gonzalez,"Senador, suplente de [[Mauricio Kuri González]]",
jose alfredo botello montes,licenciatura en derecho,Estudió la #[[Licenciatura en Derecho]] en la #[[Facultad de Derecho]] de la [[Universidad Autónoma de Querétaro]] entre 1978 y 1983.,
jose alfredo botello montes,facultad de derecho,Estudió la #[[Licenciatura en Derecho]] en la #[[Facultad de Derecho]] de la [[Universidad Autónoma de Querétaro]] entre 1978 y 1983.,
jose alfredo botello montes,universidad autonoma de queretaro,Estudió la #[[Licenciatura en Derecho]] en la #[[Facultad de Derecho]] de la [[Universidad Autónoma de Querétaro]] entre 1978 y 1983.,
jose alfredo botello montes,miguelmacedogarciagarcia,Trabajó en el despacho #MiguelMacedoGarcíaGarcía,hashtag
jose alfredo botello montes,eluniversal,Trabajó como corresponsal de los periódicos #ElUniversal y #HeraldodeMéxico. Colaborador en el semanario #NuevoAmanecer entre otros espacios.,hashtag
jose alfredo botello montes,heraldodemexico,Trabajó como corresponsal de los periódicos #ElUniversal y #HeraldodeMéxico. Colaborador en el semanario #NuevoAmanecer entre otros espacios.,hashtag
jose alfredo botello montes,nuevoamanecer,Trabajó como corresponsal de los periódicos #ElUniversal y #HeraldodeMéxico. Colaborador en el semanario #NuevoAmanecer entre otros espacios.,hashtag
jose alfredo botello montes,universidad autonoma de queretaro,"Ha sido docente probono en la #[[Universidad Autónoma de Querétaro]], en la #UniversidadCuauhtémoc, el #ITESM-CQ.",
jose alfredo botello montes,universidadcuauhtemoc,"Ha sido docente probono en la #[[Universidad Autónoma de Querétaro]], en la #UniversidadCuauhtémoc, el #ITESM-CQ.",hashtag
jose alfredo botello montes,itesm cq,"Ha sido docente probono en la #[[Universidad Autónoma de Querétaro]], en la #UniversidadCuauhtémoc, el #ITESM-CQ.",hashtag
jose alfredo botello montes,familia botello aranda,Formó la [[Familia Botello Aranda]] con [[Carolina Aranda Álvarez]],
jose alfredo botello montes,carolina aranda alvarez,Formó la [[Familia Botello Aranda]] con [[Carolina Aranda Álvarez]],
jose andres estevez nieto,joaquin san roman novoa,"Periodista. Conductor radiofónico en Multimundo Radio, conductor del noticiario Para Continuar junto con #[[Joaquín San Román Novoa]]",
jose armando presa ortega,ayuntamiento de queretaro|2024-2027,Secretario de Servicios Públicos en el [[Ayuntamiento de Querétaro 2024-2027]],
jose armando presa ortega,maria del carmen presa ortega,Hermano de [[María Del Carmen Presa Ortega]],
jose eduardo calzada rovirosa,poder ejecutivo del estado de queretaro,Titular del #[[Poder Ejecutivo del Estado de Querétaro]] en el #[[Sexenio 2009-2015]],
jose eduardo calzada rovirosa,sexenio|2009-2015,Titular del #[[Poder Ejecutivo del Estado de Querétaro]] en el #[[Sexenio 2009-2015]],
jose gustavo botello montes,ayuntamiento de queretaro|2018-2021,Director del IMPLAN en el [[Ayuntamiento de Querétaro 2018-2021]],
jose gustavo botello montes,apolinar casillas gutierrez,Suplente del diputado federal #[[Apolinar Casillas Gutiérrez]] en la [[LXIII Legislatura Federal]],
jose gustavo botello montes,lxiii legislatura federal,Suplente del diputado federal #[[Apolinar Casillas Gutiérrez]] en la [[LXIII Legislatura Federal]],
jose luis aguilera rico,jose luis aguilera ortiz,Hijo de [[José Luis Aguilera Ortiz]],
jose luis baez guerrero,lxv legislaturafederal,Diputado Federal en la [[LXV LegislaturaFederal]],
jose luis baez guerrero,roberto sosa pichardo,Jefe de Gabinete en el primer trienio de [[Roberto Sosa Pichardo]],
jose luis baez guerrero,estrella rojas loreto,Casado con [[Estrella Rojas Loreto]],
jose oleszcovski wassertell,desarrollos residenciales turisticos,Fundador de [[Desarrollos Residenciales Turísticos]] junto con [[Víctor David Mena Aguilar]],
jose oleszcovski wassertell,victor david mena aguilar,Fundador de [[Desarrollos Residenciales Turísticos]] junto con [[Víctor David Mena Aguilar]],
jose puga vertiz,xlvii legislatura del estado de queretaro,Fue el primer diputado local del PAN. Formó parte la #[[XLVII Legislatura del Estado de Querétaro]],
jose pio x salgado tovar,jose eduardo calzada rovirosa,Secretario de Obras Públicas con [[José Eduardo Calzada Rovirosa]] en el [[Sexenio 2009-2015]],
jose pio x salgado tovar,sexenio|2009-2015,Secretario de Obras Públicas con [[José Eduardo Calzada Rovirosa]] en el [[Sexenio 2009-2015]],
jose pio x salgado tovar,mauricio kuri gonzalez,Secretario de Obras Públicas con [[Mauricio Kuri González]] en el [[Sexenio 2021-2027]],
jose pio x salgado tovar,sexenio|2021-2027,Secretario de Obras Públicas con [[Mauricio Kuri González]] en el [[Sexenio 2021-2027]],
juan ignacio calderon guerrero,beatriz guadalupe marmolejo rojas,"Coordinador del #COPLADEM en el periodo de [[Beatriz Guadalupe Marmolejo Rojas]] como secretaria de Desarrollo Social Municipal, en el #[[Ayuntamiento de Querétaro 2015-2018]]",
juan ignacio calderon guerrero,ayuntamiento de queretaro|2015-2018,"Coordinador del #COPLADEM en el periodo de [[Beatriz Guadalupe Marmolejo Rojas]] como secretaria de Desarrollo Social Municipal, en el #[[Ayuntamiento de Querétaro 2015-2018]]",
juan ignacio calderon guerrero,copladem,"Coordinador del #COPLADEM en el periodo de [[Beatriz Guadalupe Marmolejo Rojas]] como secretaria de Desarrollo Social Municipal, en el #[[Ayuntamiento de Querétaro 2015-2018]]",hashtag
juliana rosario hernandez quintanar,hernandez quintanar,Forma parte de la familia #[[Hernández Quintanar]],
lii legislatura del estado de queretaro,carmen quintanar jurado,Diputada #[[Carmen Quintanar Jurado]],
lii legislatura del estado de queretaro,ramonsotoresendiz,Diputado #RamónSotoReséndiz,hashtag
lii legislatura del estado de queretaro,eduardo tomas nava bolanos,Diputado #[[Eduardo Tomás Nava Bolaños]],
lvii legislatura del estado de queretaro,27 09 2012,La LVII Legislatura del Estado de Querétaro comenzó el #27-09-2012 y concluyó el #26-09-2015,hashtag
lvii legislatura del estado de queretaro,26 09 2015,La LVII Legislatura del Estado de Querétaro comenzó el #27-09-2012 y concluyó el #26-09-2015,hashtag
lvii legislatura del estado de queretaro,beatriz guadalupe marmolejo rojas,[[Beatriz Guadalupe Marmolejo Rojas]] - Diputada del [[PAN]],
lvii legislatura del estado de queretaro,pan,[[Beatriz Guadalupe Marmolejo Rojas]] - Diputada del [[PAN]],
lvii legislatura del estado de queretaro,guillermo vega guerrero,[[Guillermo Vega Guerrero]] - Diputado del [[PAN]],
lvii legislatura del estado de queretaro,pan,[[Guillermo Vega Guerrero]] - Diputado del [[PAN]],
lvii legislatura del estado de queretaro,rosendo anaya aguilar,[[Rosendo Anaya Aguilar]] - Diputado del [[PAN]],
lvii legislatura del estado de queretaro,pan,[[Rosendo Anaya Aguilar]] - Diputado del [[PAN]],
lvii legislatura del estado de queretaro,enrique antonio correa sada,[[Enrique Antonio Correa Sada]] - Diputado del [[PAN]],
lvii legislatura del estado de queretaro,pan,[[Enrique Antonio Correa Sada]] - Diputado del [[PAN]],
lvii legislatura del estado de queretaro,jorge arturo lomeli noriega,[[Jorge Arturo Lomelí Noriega]] - Diputado del [[PAN]],
lvii legislatura del estado de queretaro,pan,[[Jorge Arturo Lomelí Noriega]] - Diputado del [[PAN]],
lvii legislatura del estado de queretaro,alejandro cano alcala,[[Alejandro Cano Alcalá]] - Diputado del [[PAN]],
lvii legislatura del estado de queretaro,pan,[[Alejandro Cano Alcalá]] - Diputado del [[PAN]],
lvii legislatura del estado de queretaro,alejandro delgado oscoy,[[Alejandro Delgado Oscoy]] - Diputado del [[PAN]],
lvii legislatura del estado de queretaro,pan,[[Alejandro Delgado Oscoy]] - Diputado del [[PAN]],
lvii legislatura del estado de queretaro,rosendo anaya aguilar,[[Rosendo Anaya Aguilar]] - Diputado del [[PAN]],
lvii legislatura del estado de queretaro,pan,[[Rosendo Anaya Aguilar]] - Diputado del [[PAN]],
lvii legislatura del estado de queretaro,german borja garcia,[[German Borja García]] - Diputado del [[PAN]],
lvii legislatura del estado de queretaro,pan,[[German Borja García]] - Diputado del [[PAN]],
lvii legislatura del estado de queretaro,luis bernardo nava guerrero,[[Luis Bernardo Nava Guerrero]] - Diputado del [[PAN]],
lvii legislatura del estado de queretaro,pan,[[Luis Bernardo Nava Guerrero]] - Diputado del [[PAN]],
lvii legislatura del estado de queretaro,braulio guerra urbiola,[[Braulio Guerra Urbiola]] - Diputado del [[PRI]],
lvii legislatura del estado de queretaro,pri,[[Braulio Guerra Urbiola]] - Diputado del [[PRI]],
lvii legislatura del estado de queretaro,diego foyo lopez,[[Diego Foyo López]] - Diputado del [[PRI]],
lvii legislatura del estado de queretaro,pri,[[Diego Foyo López]] - Diputado del [[PRI]],
lvii legislatura del estado de queretaro,ricardo carreno frausto,[[Ricardo Carreño Frausto]],
lvii legislatura del estado de queretaro,gerardo sanchez vazquez,[[Gerardo Sánchez Vázquez]],
lvii legislatura del estado de queretaro,juan alvarado navarrete,[[Juan Alvarado Navarrete]],
lvii legislatura del estado de queretaro,alejandro bocanegra montes,[[Alejandro Bocanegra Montes]],
lvii legislatura del estado de queretaro,juan guevara moreno,[[Juan Guevara Moreno]],
lvii legislatura del estado de queretaro,martin vega vega,[[Martin Vega Vega]],
lvii legislatura del estado de queretaro,gilberto pedraza nunez,[[Gilberto Pedraza Núñez]],
lvii legislatura del estado de queretaro,eunice arias arias,[[Eunice Arias Arias]],
lvii legislatura del estado de queretaro,david dorantes resendiz,[[David Dorantes Reséndiz]],
lvii legislatura del estado de queretaro,gerardo rios rios,[[Gerardo Ríos Ríos]],
lvii legislatura del estado de queretaro,yairo marina alcocer,[[Yairo Marina Alcocer]],
lvii legislatura del estado de queretaro,jesus galvan mendez,[[Jesús Galván Mendez]],
lvii legislatura del estado de queretaro,marco atonio leon hernandez,[[Marco Atonio León Hernández]],
lviii legislatura del estado de queretaro,daesy alvorada hinojosa rosas,#[[Daesy Alvorada Hinojosa Rosas]] Alvorada Hinojosa Rosas,
lviii legislatura del estado de queretaro,maria aleman munoz castillo,#[[María Alemán Muñoz Castillo]],
lxi legislatura del estado de queretaro,paul ospital carrera,[[Paul Ospital Carrera]] diputado plurinominal del [[PRI]] que cambió a [[Movimiento Ciudadano]],
lxi legislatura del estado de queretaro,pri,[[Paul Ospital Carrera]] diputado plurinominal del [[PRI]] que cambió a [[Movimiento Ciudadano]],
lxi legislatura del estado de queretaro,movimiento ciudadano,[[Paul Ospital Carrera]] diputado plurinominal del [[PRI]] que cambió a [[Movimiento Ciudadano]],
lxi legislatura del estado de queretaro,teresita calzada rovirosa,[[Teresita Calzada Rovirosa]] - Diputada por [[Movimiento Ciudadano]],
lxi legislatura del estado de queretaro,movimiento ciudadano,[[Teresita Calzada Rovirosa]] - Diputada por [[Movimiento Ciudadano]],
lxi legislatura del estado de queretaro,arturo maximiliano garcia perez,[[Arturo Maximiliano García Pérez]] - Diputado de [[MORENA]],
lxi legislatura del estado de queretaro,morena,[[Arturo Maximiliano García Pérez]] - Diputado de [[MORENA]],
lxi legislatura del estado de queretaro,sinuhe piedragil ortiz,[[Sinuhé Piedragil Ortiz]] - Diputado de [[MORENA]],
lxi legislatura del estado de queretaro,morena,[[Sinuhé Piedragil Ortiz]] - Diputado de [[MORENA]],
lxi legislatura del estado de queretaro,andrea tovar saavedra,[[Andrea Tovar Saavedra]] - Diputada de [[MORENA]],
lxi legislatura del estado de queretaro,morena,[[Andrea Tovar Saavedra]] - Diputada de [[MORENA]],
lxiii legislatura federal,gerardo gabriel cuanalo santos,Diputado [[Gerardo Gabriel Cuanalo Santos]],
lxiii legislatura federal,apolinar casillas gutierrez,Diputado [[Apolinar Casillas Gutiérrez]],
lxiii legislatura federal,armando alejandro rivera castillejos,Diputado [[Armando Alejandro Rivera Castillejos]],
lxiii legislatura federal,braulio guerra urbiola,Diputado [[Braulio Guerra Urbiola]],
lxiii legislatura federal,guadalupe murguia gutierrez,Diputada [[Guadalupe Murguía Gutiérrez]],
lxiii legislatura federal,marko cortes mendoza,Diputado [[Marko Cortés Mendoza]],
lxiii legislatura federal,hugo cabrera ruiz,Diputado [[Hugo Cabrera Ruiz]],
lxv legislaturafederal,sexenio|2018-2024,"La LXV Legislatura Federal fue del periodo 2021-2024, la segunda mitad del [[Sexenio 2018-2024]] del [[Poder Ejecutivo de la Federación]]",
lxv legislaturafederal,poder ejecutivo de la federacion,"La LXV Legislatura Federal fue del periodo 2021-2024, la segunda mitad del [[Sexenio 2018-2024]] del [[Poder Ejecutivo de la Federación]]",
legislatura de queretaro,liii legislatura del estado de queretaro,[[LIII Legislatura del Estado de Querétaro]]  del 2000 al 2003,
legislatura de queretaro,liv legislatura del estado de queretaro,[[LIV Legislatura del Estado de Querétaro]] del 2003 al 2009,
legislatura de queretaro,lv legislatura del estado de queretaro,[[LV Legislatura del Estado de Querétaro]]  del 2006 al 2009,
legislatura de queretaro,lvi legislatura del estado de queretaro,[[LVI Legislatura del Estado de Querétaro]]  del 2009 al 2012,
legislatura de queretaro,lvii legislatura del estado de queretaro,[[LVII Legislatura del Estado de Querétaro]] del 2012 al 2015,
legislatura de queretaro,lviii legislatura del estado de queretaro,[[LVIII Legislatura del Estado de Querétaro]]  del 2015 al 2018,
legislatura de queretaro,lix legislatura del estado de queretaro,[[LIX Legislatura del Estado de Querétaro]]  del 2018 al 2021,
legislatura de queretaro,lx legislatura del estado de queretaro,[[LX Legislatura del Estado de Querétaro]]  del 2021 al 2024,
legislatura de queretaro,lxi legislatura del estado de queretaro,[[LXI Legislatura del Estado de Querétaro]] del 2024 al 2027,
luis bernardo nava guerrero,ayuntamiento de queretaro|2009-2012,Secretario de Gobierno en el [[Ayuntamiento de Querétaro 2009-2012]] quedonde #[[Francisco Domínguez Servién]] fue el presidente municipal.,
luis bernardo nava guerrero,francisco dominguez servien,Secretario de Gobierno en el [[Ayuntamiento de Querétaro 2009-2012]] quedonde #[[Francisco Domínguez Servién]] fue el presidente municipal.,
luis bernardo nava guerrero,francisco dominguez servien,Encargado de la Oficina del Gobernador en el sexenio de [[Francisco Domínguez Servién]],
luis bernardo nava guerrero,ayuntamiento de queretaro|2018-2021,Presidente municipal en el [[Ayuntamiento de Querétaro 2018-2021]],
luis bernardo nava guerrero,ayuntamiento de queretaro|2021-2024,Presidente municipal en el [[Ayuntamiento de Querétaro 2021-2024]],
luis bernardo nava guerrero,lvii legislatura del estado de queretaro,Diputado en la [[LVII Legislatura del Estado de Querétaro]] y presidió la Comisión Administración y Procuración de Justicia.,
luis bernardo nava guerrero,familia nava guerrero,Forma parte de la [[Familia Nava Guerrero]],
luis bernardo nava guerrero,sexenio|2021-2027,Secretario de Desarrollo Social en el [[Sexenio 2021-2027]],
luis donaldo colosio murrieta,carlos salinas de gortari,Fue secretario de Desarrollo Social con #[[Carlos Salinas de Gortari]],
luis gabriel osejo dominguez,ciudad y poder,Director del sitio web [[Ciudad y Poder]] (https://ciudadypoder.mex)y [[Reporte Querétaro]],
luis gabriel osejo dominguez,reporte queretaro,Director del sitio web [[Ciudad y Poder]] (https://ciudadypoder.mex)y [[Reporte Querétaro]],
luis gabriel osejo dominguez,ayuntamiento de queretaro|2018-2021,Regidor en el [[Ayuntamiento de Querétaro 2018-2021]],
morena,andres manuel lopezobrador,"Movimiento de Regeneración Nacional, partido político fundado por [[Andrés Manuel LópezObrador]]",
malena hernandez,fernando romero vazquez,Casada con #[[Fernando Romero Vázquez]],
manuel gonzalez valle,sexenio|2003-2009,Fue secretario de Turismo en #[[Sexenio 2003-2009]],
manuel gonzalez valle,jose eduardo calzada rovirosa,Compitió por la gubernatura de Querétaro contra #[[José Eduardo Calzada Rovirosa]] en el año 2009.,
manuel gonzalez valle,ayuntamiento de queretaro|2006-2009,Fue presidente municipal de Querétaro en el #[[Ayuntamiento de Querétaro 2006-2009]],
manuel gonzalez valle,alejandro gonzalez valle,"Hermano de [[Alejandro González Valle]], quien fue su secretario de Servicios Públicos Municipales en el [[Ayuntamiento de Querétaro 2006-2009]]",
manuel gonzalez valle,ayuntamiento de queretaro|2006-2009,"Hermano de [[Alejandro González Valle]], quien fue su secretario de Servicios Públicos Municipales en el [[Ayuntamiento de Querétaro 2006-2009]]",
manuel palacios alcocer,juan ignacio torres landa,Falleció en un accidente aéreo junto a [[Juan Ignacio Torres Landa]] y [[José Oleszcovski Wassertell]] el [[07-06-2013]] -- https://www.excelsior.com.mx/nacional/2013/06/08/902997,
manuel palacios alcocer,jose oleszcovski wassertell,Falleció en un accidente aéreo junto a [[Juan Ignacio Torres Landa]] y [[José Oleszcovski Wassertell]] el [[07-06-2013]] -- https://www.excelsior.com.mx/nacional/2013/06/08/902997,
manuel palacios alcocer,07 06 2013,Falleció en un accidente aéreo junto a [[Juan Ignacio Torres Landa]] y [[José Oleszcovski Wassertell]] el [[07-06-2013]] -- https://www.excelsior.com.mx/nacional/2013/06/08/902997,
manuel palacios alcocer,familia palacios alcocer,Forma parte de la [[Familia Palacios Alcocer]],
marcos aguilar vega,lvi legislatura del estado de queretaro,Diputado local en la [[LVI Legislatura del Estado de Querétaro]],
marcos aguilar vega,lxiilegislaturafederal,Diputado Federal en la [[LXIILegislaturaFederal]],
marcos aguilar vega,ayuntamiento de queretaro|2015-2018,Presidente Municipal de Querétaro del [[Ayuntamiento de Querétaro 2015-2018]],
marcos aguilar vega,lxivlegislaturafederal,Diputado Federal en la [[LXIVLegislaturaFederal]],
marcos aguilar vega,marko cortes mendoza,Vocero del Comité Ejecutivo Nacional del PAN con [[Marko Cortés Mendoza]],
mariano palacios alcocer,poder ejecutivo del estado de queretaro,Gobernador de Querétaro. Titular del #[[Poder Ejecutivo del Estado de Querétaro]] en el #[[Sexenio 1985-1991]],
mariano palacios alcocer,sexenio|1985-1991,Gobernador de Querétaro. Titular del #[[Poder Ejecutivo del Estado de Querétaro]] en el #[[Sexenio 1985-1991]],
mariano palacios alcocer,ayuntamiento de queretaro|1976-1979,Presidente municipal en el #[[Ayuntamiento de Querétaro 1976-1979]],
mariano palacios alcocer,ana maria gonzalez,Mariano Palacios Alcocer contrajo matrimonio con  [[Ana María González]] y formó la [[Familia Palacios González]],
mariano palacios alcocer,familia palacios gonzalez,Mariano Palacios Alcocer contrajo matrimonio con  [[Ana María González]] y formó la [[Familia Palacios González]],
mariano palacios alcocer,familia palacios alcocer,Forma parte de la familia [[Familia Palacios Alcocer]],
mariela moran ocampo,francisco dominguez servien,Coordinadora de Comunicación Social con #[[Francisco Domínguez Servién]] en el municipio de Querétaro (2009-2012) y en el Gobierno del Estado de Querétaro (2015-2021),
marko cortes mendoza,lxiii legislatura federal,Coordinador del Grupo Parlamentario del PAN en la [[LXIII Legislatura Federal]],
martha beatriz kuri gonzalez,humberto palacios alcocer,Marta Beatriz Kuri González se casó con [[Humberto Palacios Alcocer]] para formar la [[Familia Palacios Kuri]],
martha beatriz kuri gonzalez,familia palacios kuri,Marta Beatriz Kuri González se casó con [[Humberto Palacios Alcocer]] para formar la [[Familia Palacios Kuri]],
martha beatriz kuri gonzalez,familia kuri gonzalez,Forma parte de la #[[Familia Kuri González]],
martha beatriz kuri gonzalez,tania palacios kuri,Sus hijos son [[Tania Palacios Kuri]],
martha daniela salgado marquez,lx legislatura del estado de queretaro,Diputada en la [[LX Legislatura del Estado de Querétaro]],
martha daniela salgado marquez,lix legislatura del estado de queretaro,Diputada en la [[LIX Legislatura del Estado de Querétaro]],
martha daniela salgado marquez,felipe fernando macias olvera,Secretaria de cultura con [[Felipe Fernando Macías Olvera]] en el [[Ayuntamiento de Querétaro 2024-2027]],
martha daniela salgado marquez,ayuntamiento de queretaro|2024-2027,Secretaria de cultura con [[Felipe Fernando Macías Olvera]] en el [[Ayuntamiento de Querétaro 2024-2027]],
martha elena soto obregon,mauricio kuri gonzalez,Secretaria de Educación del Estado de Querétaro con [[Mauricio Kuri González]],
martin arango garcia,mauricio kuri gonzalez,Subsecretario de Gobierno con #[[Mauricio Kuri González]],
maria aleman munoz castillo,ayuntamiento de queretaro|2012-2015,Regidora en el #[[Ayuntamiento de Querétaro 2012-2015]],
maria del carmen presa ortega,reporte queretaro,Infuencer de [[Reporte Querétaro]] con [[Luis Gabriel Osejo Domínguez]],
maria del carmen presa ortega,luis gabriel osejo dominguez,Infuencer de [[Reporte Querétaro]] con [[Luis Gabriel Osejo Domínguez]],
maria del carmen presa ortega,jose armando presa ortega,Hermana de [[José Armando Presa Ortega]],
maria de la luz alcocer pozo,familia alcocer pozo,Es hija en la [[Familia Alcocer Pozo]],
maria de la luz alcocer pozo,manuel alcocer frias,La familia Alcocer Pozo se formó por la unión de [[Manuel Alcocer Frías]] y [[Guadalupe Pozo Balbás]],
maria de la luz alcocer pozo,guadalupe pozo balbas,La familia Alcocer Pozo se formó por la unión de [[Manuel Alcocer Frías]] y [[Guadalupe Pozo Balbás]],
mauricio kuri gonzalez,poder ejecutivo del estado de queretaro,Titular del [[Poder Ejecutivo del Estado de Querétaro]] en el #[[Sexenio 2021-2027]].,
mauricio kuri gonzalez,sexenio|2021-2027,Titular del [[Poder Ejecutivo del Estado de Querétaro]] en el #[[Sexenio 2021-2027]].,
mauricio kuri gonzalez,01 10 2015,Presidente Municipal de Corregidora 2015-2018. Asumió el cargo el día [[01-10-2015]].,
mauricio kuri gonzalez,miguel angel osorio chong,Compañero en el senado de [[Miguel Angel Osorio Chong]] y [[Miguel Angel Mancera]],
mauricio kuri gonzalez,miguel angel mancera,Compañero en el senado de [[Miguel Angel Osorio Chong]] y [[Miguel Angel Mancera]],
mauricio kuri gonzalez,familia kuri gonzalez,Forma parte de la [[Familia Kuri González]],
miguel angel osorio chong,enrique pena nieto,Secretario de Gobernación con #[[Enrique Peña Nieto]],
miguel parrodi espinosa,ayuntamiento de queretaro|2018-2021,Síndico en el #[[Ayuntamiento de Querétaro 2018-2021]],
miguel parrodi espinosa,luis bernardo nava guerrero,Jefe de Gabinete en el segundo trienio de #[[Luis Bernardo Nava Guerrero]] como presidente municipal de Querétaro.,
miguel parrodi espinosa,ayuntamiento de queretaro|2018-2021,Presidente municipal interino en el #[[Ayuntamiento de Querétaro 2018-2021]] durante los meses de la licencia de #[[Luis Bernardo Nava Guerrero]] por el proceso electoral.,
miguel parrodi espinosa,luis bernardo nava guerrero,Presidente municipal interino en el #[[Ayuntamiento de Querétaro 2018-2021]] durante los meses de la licencia de #[[Luis Bernardo Nava Guerrero]] por el proceso electoral.,
movimiento ciudadano,convergencia,"Partido político, antes llamado [[Convergencia]]",
movimiento ciudadano,dante delgado ranauro,Fundado por [[Dante Delgado Ranauro]],
notaria 65,notarias de queretaro,Es una de las [[Notarías de Querétaro]],
notarias de queretaro,notaria 1,[[Notaría 1]] - Notario [[Roberto Reyes Olvera]],
notarias de queretaro,roberto reyes olvera,[[Notaría 1]] - Notario [[Roberto Reyes Olvera]],
notarias de queretaro,notaria 2,[[Notaría 2]] - Notario [[Francisco Pérez Rojas]],
notarias de queretaro,francisco perez rojas,[[Notaría 2]] - Notario [[Francisco Pérez Rojas]],
notarias de queretaro,notaria 3,[[Notaría 3]] - Notario [[Álvaro Guerrero Alcocer]],
notarias de queretaro,alvaro guerrero alcocer,[[Notaría 3]] - Notario [[Álvaro Guerrero Alcocer]],
notarias de queretaro,notaria 4,[[Notaría 4]] - Notario [[Jorge Maldonado Guerrero]],
notarias de queretaro,jorge maldonado guerrero,[[Notaría 4]] - Notario [[Jorge Maldonado Guerrero]],
notarias de queretaro,notaria 5,[[Notaría 5]] - Notario [[Luis Felipe Ordaz González]],
notarias de queretaro,luis felipe ordaz gonzalez,[[Notaría 5]] - Notario [[Luis Felipe Ordaz González]],
notarias de queretaro,notaria 6,[[Notaría 6]] - Notario [[Rodrigo Díaz Castañares]],
notarias de queretaro,rodrigo diaz castanares,[[Notaría 6]] - Notario [[Rodrigo Díaz Castañares]],
paloma palacios gonzalez,mauricio kuri gonzalez,Paloma Palacios González fue nombrada por [[Mauricio Kuri González]] como representante del [[Poder Ejecutivo del Estado de Querétaro]]  la Ciudad de México durante el [[Sexenio 2021-2027]],
paloma palacios gonzalez,poder ejecutivo del estado de queretaro,Paloma Palacios González fue nombrada por [[Mauricio Kuri González]] como representante del [[Poder Ejecutivo del Estado de Querétaro]]  la Ciudad de México durante el [[Sexenio 2021-2027]],
paloma palacios gonzalez,sexenio|2021-2027,Paloma Palacios González fue nombrada por [[Mauricio Kuri González]] como representante del [[Poder Ejecutivo del Estado de Querétaro]]  la Ciudad de México durante el [[Sexenio 2021-2027]],
paloma palacios gonzalez,mariano palacios alcocer,Es hija de [[Mariano Palacios Alcocer]] y [[Ana María González]],
paloma palacios gonzalez,ana maria gonzalez,Es hija de [[Mariano Palacios Alcocer]] y [[Ana María González]],
pedro manuel angeles lujan,gerardo gabriel cuanalo santos,Coordinador de campaña de [[Gerardo Gabriel Cuanalo Santos]] para la diputación federal del Distrito 03 en 2015.,
pedro manuel angeles lujan,gerardo gabriel cuanalo santos,Jefe de oficina del diputado federal [[Gerardo Gabriel Cuanalo Santos]] en la [[LXIILegislaturaFederal]],
pedro manuel angeles lujan,lxiilegislaturafederal,Jefe de oficina del diputado federal [[Gerardo Gabriel Cuanalo Santos]] en la [[LXIILegislaturaFederal]],
poder ejecutivo de la federacion,sexenio|2012-2018,[[Sexenio 2012-2018]],
poder ejecutivo de la federacion,sexenio|2018-2024,[[Sexenio 2018-2024]],
poder ejecutivo del estado de queretaro,sexenio|1973-1979,[[Sexenio 1973-1979]] encabezado por [[Antonio Calzada Urquiza]],
poder ejecutivo del estado de queretaro,antonio calzada urquiza,[[Sexenio 1973-1979]] encabezado por [[Antonio Calzada Urquiza]],
poder ejecutivo del estado de queretaro,sexenio|1979-1985,[[Sexenio 1979-1985]] encabezado por [[Rafael Camacho Guzmán]],
poder ejecutivo del estado de queretaro,rafael camacho guzman,[[Sexenio 1979-1985]] encabezado por [[Rafael Camacho Guzmán]],
poder ejecutivo del estado de queretaro,sexenio|1985-1991,[[Sexenio 1985-1991]] encabezado por [[Mariano Palacios Alcocer]],
poder ejecutivo del estado de queretaro,mariano palacios alcocer,[[Sexenio 1985-1991]] encabezado por [[Mariano Palacios Alcocer]],
poder ejecutivo del estado de queretaro,enrique burgos garcia,Sexenio1991-1997 encabezado por [[Enrique Burgos García]],
poder ejecutivo del estado de queretaro,ignacio loyola vera,Sexenio1997-2003 encabezado por [[Ignacio Loyola Vera]],
poder ejecutivo del estado de queretaro,sexenio|2003-2009,[[Sexenio 2003-2009]] encabezado por [[Francisco Garrido Patrón]],
poder ejecutivo del estado de queretaro,francisco garrido patron,[[Sexenio 2003-2009]] encabezado por [[Francisco Garrido Patrón]],
poder ejecutivo del estado de queretaro,sexenio|2009-2015,[[Sexenio 2009-2015]] encabezado por [[José Eduardo Calzada Rovirosa]],
poder ejecutivo del estado de queretaro,jose eduardo calzada rovirosa,[[Sexenio 2009-2015]] encabezado por [[José Eduardo Calzada Rovirosa]],
poder ejecutivo del estado de queretaro,sexenio|2015-2021,[[Sexenio 2015-2021]] encabezado por [[Francisco Domínguez Servién]],
poder ejecutivo del estado de queretaro,francisco dominguez servien,[[Sexenio 2015-2021]] encabezado por [[Francisco Domínguez Servién]],
poder ejecutivo del estado de queretaro,sexenio|2021-2027,[[Sexenio 2021-2027]] encabezado por [[Mauricio Kuri González]],
poder ejecutivo del estado de queretaro,mauricio kuri gonzalez,[[Sexenio 2021-2027]] encabezado por [[Mauricio Kuri González]],
rafael puga tovar,cristina morales dominguez,Casado con #[[Cristina Morales Domínguez]],
rafael puga tovar,lv legislatura del estado de queretaro,Diputado en la #[[LV Legislatura del Estado de Querétaro]],
reporte queretaro,luis gabriel osejo dominguez,Sitio web desarrollado por [[Luis Gabriel Osejo Domínguez]],
ricardo anaya cortes,sexenio|2003-2009,Secretario Particular en el #[[Sexenio 2003-2009]],
ricardo anaya cortes,lvi legislatura del estado de queretaro,Diputado local en la #[[LVI Legislatura del Estado de Querétaro]],
ricardo anaya cortes,lxii legislatura federal,Diputado Federal en la [[LXII Legislatura Federal]],
ricardo anaya cortes,andres manuel lopezobrador,Candidato a la presidencia de la República por PAN y PRD en 2018; contendió contra [[Andrés Manuel LópezObrador]],
roberto loyola vera,ignacio loyola vera,Hermano de #[[Ignacio Loyola Vera]],
roberto loyola vera,jose eduardo calzada rovirosa,Trabajó como Secretario de Gobierno en el sexenio de #[[José Eduardo Calzada Rovirosa]],
roberto sosa pichardo,mauricio kuri gonzalez,Secretario de Desarrollo Social del municipio de Corregidora con [[Mauricio Kuri González]],
roberto sosa pichardo,ayuntamiento de corregidora|2018-2021,Presidente Municipal de Corregidora en el [[Ayuntamiento de Corregidora 2018-2021]],
roberto sosa pichardo,ayuntamiento de corregidora|2021-2024,Presidente municipal de Corregidora en el [[Ayuntamiento de Corregidora 2021-2024]],
rolando garcia ortiz,ayuntamiento de queretaro|2000-2003,Presidente municipal en el #[[Ayuntamiento de Querétaro 2000-2003]],
rosendo anaya aguilar,mauricio kuri gonzalez,Secretario de Desarrollo Agropecuario en el sexenio de #[[Mauricio Kuri González]],
samuel palacios borja,ayuntamiento de queretaro|1945-1946,Fue presidente municipal de Querétaro en el Ayuntamiento de Querétaro en dos ocasiones. Una como interino en el periodo [[Ayuntamiento de Querétaro 1945-1946]] y una segunda ocasión en el #[[Ayuntamiento de Querétaro 1949-1952]],
samuel palacios borja,ayuntamiento de queretaro|1949-1952,Fue presidente municipal de Querétaro en el Ayuntamiento de Querétaro en dos ocasiones. Una como interino en el periodo [[Ayuntamiento de Querétaro 1945-1946]] y una segunda ocasión en el #[[Ayuntamiento de Querétaro 1949-1952]],
sara urbiola jimenez,ayuntamiento de queretaro|2021-2024,Es directora del Instituto Municipal de la Juventud #[[Ayuntamiento de Querétaro 2021-2024]],
sara urbiola jimenez,fernando urbiola ledesma,Es hija de [[Fernando Urbiola Ledesma]],
sara urbiola jimenez,fernando guerrero mendoza,Contrajo Nupcias con [[Fernando Guerrero Mendoza]] el sábado #11-11-2023,
sara urbiola jimenez,11 11 2023,Contrajo Nupcias con [[Fernando Guerrero Mendoza]] el sábado #11-11-2023,hashtag
sexenio|2003-2009,francisco garrido patron,Gabinete del gobernador #[[Francisco Garrido Patrón]]:,
sexenio|2015-2021,francisco dominguez servien,El sexenio de [[Francisco Domínguez Servién]] comenzó el #01-10-2015 y concluyó el #29-30-2021.,
sexenio|2015-2021,01 10 2015,El sexenio de [[Francisco Domínguez Servién]] comenzó el #01-10-2015 y concluyó el #29-30-2021.,hashtag
sexenio|2015-2021,29 30 2021,El sexenio de [[Francisco Domínguez Servién]] comenzó el #01-10-2015 y concluyó el #29-30-2021.,hashtag
sexenio|2015-2021,francisco dominguez servien,El gabinete de [[Francisco Domínguez Servién]] estuvo conformado por:,
sexenio|2018-2024,presidente de la republica,Durante el [[Presidente de la República]] fue [[Andrés Manuel López Obrador]],
sexenio|2018-2024,andres manuel lopez obrador,Durante el [[Presidente de la República]] fue [[Andrés Manuel López Obrador]],
sexenio|2021-2027,mauricio kuri gonzalez,Gabinete del gobernador [[Mauricio Kuri González]]:,
sexenio|2021-2027,guadalupe murguia gutierrez,[[Guadalupe Murguía Gutiérrez]] - Secretaria de Gobierno,
sexenio|2021-2027,marco del prete tercero,[[Marco Del Prete Tercero]] - Secretario de Desarrollo Sustentable,
sexenio|2021-2027,ginette amieva lavigne,[[Ginette Amieva Lavigne]] - Coordinadora de Comunicación Social,
sexenio|2021-2027,antonio rangel mendez,[[Antonio Rangel Méndez]] - Secretario de Planeación y Participación Ciudadana,
sexenio|2021-2027,martha elena soto obregon,[[Martha Elena Soto Obregón]] - Secretaria de Educación,
sexenio|2021-2027,rogelio vega vazquez mellado,[[Rogelio Vega Vázquez Mellado]] - Jefe del Gabinete,
sexenio|2021-2027,adriana vega vazquez mellado,[[Adriana Vega Vázquez Mellado]] - Secretaria de Turismo [[Luis Alberto Vega Ricoy]] - Vocal Ejecutivo de la [[Comisión Estatal de Aguas]],
sexenio|2021-2027,luis alberto vega ricoy,[[Adriana Vega Vázquez Mellado]] - Secretaria de Turismo [[Luis Alberto Vega Ricoy]] - Vocal Ejecutivo de la [[Comisión Estatal de Aguas]],
sexenio|2021-2027,comision estatal de aguas,[[Adriana Vega Vázquez Mellado]] - Secretaria de Turismo [[Luis Alberto Vega Ricoy]] - Vocal Ejecutivo de la [[Comisión Estatal de Aguas]],
sexenio|2021-2027,gustavo leal maya,[[Gustavo Leal Maya]] - Secretario de Finanzas,
sexenio|2021-2027,martinaperezrendon,#MartinaPérezRendón - Secretaria de Salud,hashtag
sexenio|2021-2027,fernando gonzalez salinas,[[Fernando González Salinas]] - Secretario de Desarrollo Urbano y Obras Públicas,
sexenio|2021-2027,josue guerrero trapala,[[Josué Guerrero Trápala]] - Secretario Particular,
sexenio|2021-2027,luis bernardo nava guerrero,[[Luis Bernardo Nava Guerrero]] - Secretario de Desarrollo Social,
sexenio|2021-2027,ana paola lopez birlain,[[Ana Paola López Birlain]] - Secretaria de Cultura,
sexenio|2021-2027,sonia rocha acosta,[[Sonia Rocha Acosta]] - Secretaria de la Mujer,
simon guerrero contreras,cesar guerrero mendoza,"Simón Guerrero Contreras, padre de #[[César Guerrero Mendoza]], de #[[Fernando Guerrero Mendoza]], de #[[Maritere Guerrero Mendoza]]",
simon guerrero contreras,fernando guerrero mendoza,"Simón Guerrero Contreras, padre de #[[César Guerrero Mendoza]], de #[[Fernando Guerrero Mendoza]], de #[[Maritere Guerrero Mendoza]]",
simon guerrero contreras,maritere guerrero mendoza,"Simón Guerrero Contreras, padre de #[[César Guerrero Mendoza]], de #[[Fernando Guerrero Mendoza]], de #[[Maritere Guerrero Mendoza]]",
simon guerrero contreras,familia guerrero mendoza,Padre en la #[[Familia Guerrero Mendoza]],
simon guerrero contreras,pan,Presidente del Comité Directivo del [[PAN]] de 1997 al 2000.,
simon guerrero contreras,liii legislatura del estado de queretaro,Diputado local en la [[LIII Legislatura del Estado de Querétaro]],
sol elvira lopez guerra,escuela de sociologia,Estudió la #LicenciaturaenSociología en la #[[Escuela de Sociología]] de la #[[Universidad Autónoma de Querétaro]],
sol elvira lopez guerra,universidad autonoma de queretaro,Estudió la #LicenciaturaenSociología en la #[[Escuela de Sociología]] de la #[[Universidad Autónoma de Querétaro]],
sol elvira lopez guerra,licenciaturaensociologia,Estudió la #LicenciaturaenSociología en la #[[Escuela de Sociología]] de la #[[Universidad Autónoma de Querétaro]],hashtag
sonia rocha acosta,arturo torres gutierrez,Cuñada de [[Arturo Torres Gutiérrez]],
sonia rocha acosta,francisco dominguez servien,"Senadora, suplente de [[Francisco Domínguez Servién]]",
sonia rocha acosta,lvi legislatura del estado de queretaro,Diputada local en la [[LVI Legislatura del Estado de Querétaro]],
sonia rocha acosta,mauricio kuri gonzalez,Secretaria de la Mujer con [[Mauricio Kuri González]] en el [[Sexenio 2021-2027]],
sonia rocha acosta,sexenio|2021-2027,Secretaria de la Mujer con [[Mauricio Kuri González]] en el [[Sexenio 2021-2027]],
tania palacios kuri,ayuntamiento de queretaro|2021-2024,Secretaria de Desarrollo Sostenible en el [[Ayuntamiento de Querétaro 2021-2024]] con [[Luis Bernardo Nava Guerrero]],
tania palacios kuri,luis bernardo nava guerrero,Secretaria de Desarrollo Sostenible en el [[Ayuntamiento de Querétaro 2021-2024]] con [[Luis Bernardo Nava Guerrero]],
tania palacios kuri,sexenio|2015-2021,Secretaria de la Juventud del Estado de Querétaro durante el #[[Sexenio 2015-2021]] con [[Francisco Domínguez Servién]],
tania palacios kuri,francisco dominguez servien,Secretaria de la Juventud del Estado de Querétaro durante el #[[Sexenio 2015-2021]] con [[Francisco Domínguez Servién]],
tania palacios kuri,lix legislatura del estado de queretaro,Diputada local en la [[LIX Legislatura del Estado de Querétaro]] 2018-2021,
tania palacios kuri,lxvi legislatura federal,Diputada federal en la [[LXVI Legislatura Federal]],
teresita calzada rovirosa,lxi legislatura del estado de queretaro,Diputada en la [[LXI Legislatura del Estado de Querétaro]] por [[Movimiento Ciudadano]],
teresita calzada rovirosa,movimiento ciudadano,Diputada en la [[LXI Legislatura del Estado de Querétaro]] por [[Movimiento Ciudadano]],
universidad autonoma de queretaro,facultad de derecho,#[[Facultad de Derecho]],
universidad autonoma de queretaro,facultaddequimica,#FacultaddeQuímica,hashtag
universidad autonoma de queretaro,facultaddeingenieria,#FacultaddeIngeniería,hashtag
universidad autonoma de queretaro,facultad de psicologia,#[[Facultad de Psicología]],
universidad autonoma de queretaro,facultad de bellasartes,#[[Facultad de BellasArtes]],
violeta fabiola barbosa villanueva,escuelagabrielamistral,Estudió la primaria en la #EscuelaGabrielaMistral entre 1985 y 1991,hashtag
violeta fabiola barbosa villanueva,colegio fray luis de leon,Estudió la secundaria y preparatoria en el #[[Colegio Fray Luis de León]],
violeta fabiola barbosa villanueva,licenciatura en derecho,Estudió la #[[Licenciatura en Derecho]] en la #[[Universidad Marista de Querétaro]],
violeta fabiola barbosa villanueva,universidad marista de queretaro,Estudió la #[[Licenciatura en Derecho]] en la #[[Universidad Marista de Querétaro]],
violeta fabiola barbosa villanueva,cesar guerrero mendoza,"Ha trabajado el #COPLADEM de la Secretaría de Desarrollo Social y Humano con #[[César Guerrero Mendoza]] durante el #[[Ayuntamiento de Querétaro 2021-2024]] , #[[Ernesto Mejía Botello]] en el #[[Ayuntamiento de Querétaro 2018-2021]] y #[[Juan Ignacio Calderón Guerrero]] en el #[[Ayuntamiento de Querétaro 2015-2018]]",
violeta fabiola barbosa villanueva,ayuntamiento de queretaro|2021-2024,"Ha trabajado el #COPLADEM de la Secretaría de Desarrollo Social y Humano con #[[César Guerrero Mendoza]] durante el #[[Ayuntamiento de Querétaro 2021-2024]] , #[[Ernesto Mejía Botello]] en el #[[Ayuntamiento de Querétaro 2018-2021]] y #[[Juan Ignacio Calderón Guerrero]] en el #[[Ayuntamiento de Querétaro 2015-2018]]",
violeta fabiola barbosa villanueva,ernesto mejia botello,"Ha trabajado el #COPLADEM de la Secretaría de Desarrollo Social y Humano con #[[César Guerrero Mendoza]] durante el #[[Ayuntamiento de Querétaro 2021-2024]] , #[[Ernesto Mejía Botello]] en el #[[Ayuntamiento de Querétaro 2018-2021]] y #[[Juan Ignacio Calderón Guerrero]] en el #[[Ayuntamiento de Querétaro 2015-2018]]",
violeta fabiola barbosa villanueva,ayuntamiento de queretaro|2018-2021,"Ha trabajado el #COPLADEM de la Secretaría de Desarrollo Social y Humano con #[[César Guerrero Mendoza]] durante el #[[Ayuntamiento de Querétaro 2021-2024]] , #[[Ernesto Mejía Botello]] en el #[[Ayuntamiento de Querétaro 2018-2021]] y #[[Juan Ignacio Calderón Guerrero]] en el #[[Ayuntamiento de Querétaro 2015-2018]]",
violeta fabiola barbosa villanueva,juan ignacio calderon guerrero,"Ha trabajado el #COPLADEM de la Secretaría de Desarrollo Social y Humano con #[[César Guerrero Mendoza]] durante el #[[Ayuntamiento de Querétaro 2021-2024]] , #[[Ernesto Mejía Botello]] en el #[[Ayuntamiento de Querétaro 2018-2021]] y #[[Juan Ignacio Calderón Guerrero]] en el #[[Ayuntamiento de Querétaro 2015-2018]]",
violeta fabiola barbosa villanueva,ayuntamiento de queretaro|2015-2018,"Ha trabajado el #COPLADEM de la Secretaría de Desarrollo Social y Humano con #[[César Guerrero Mendoza]] durante el #[[Ayuntamiento de Querétaro 2021-2024]] , #[[Ernesto Mejía Botello]] en el #[[Ayuntamiento de Querétaro 2018-2021]] y #[[Juan Ignacio Calderón Guerrero]] en el #[[Ayuntamiento de Querétaro 2015-2018]]",
violeta fabiola barbosa villanueva,copladem,"Ha trabajado el #COPLADEM de la Secretaría de Desarrollo Social y Humano con #[[César Guerrero Mendoza]] durante el #[[Ayuntamiento de Querétaro 2021-2024]] , #[[Ernesto Mejía Botello]] en el #[[Ayuntamiento de Querétaro 2018-2021]] y #[[Juan Ignacio Calderón Guerrero]] en el #[[Ayuntamiento de Querétaro 2015-2018]]",hashtag
violeta fabiola barbosa villanueva,arturo torres gutierrez,Coordinadora de seguimiento con #[[Arturo Torres Gutiérrez]],
