id,label,base_name,period,file,links,hashtags
adriana fuentes cortes,Adriana Fuentes Cortés,Adriana Fuentes Cortés,,pages/Adriana Fuentes Cortés.md,"['Ayuntamiento de Querétaro 2003-2006', 'Ayuntamiento de Querétaro 2021-2024']",[]
adriana vega vazquez mellado,Adriana Vega Vázquez Mellado,Adriana Vega Vázquez Mellado,,pages/Adriana Vega Vázquez Mellado.md,['Rogelio Vega Vázquez Mellado'],[]
agapito pozo balbas,Agapito Pozo Balbás,Agapito Pozo Balbás,,pages/Agapito Pozo Balbás.md,"['21-04-1899', '30-04-1976']",[]
agustin dorantes lambarri,Agustín Dorantes Lámbarri,Agustín Dorantes Lámbarri,,pages/Agustín Dorantes Lámbarri.md,"['Poder Ejecutivo de la Federación', 'Francisco Domínguez Servién', 'Sexenio 2015-2021', 'Poder Ejecutivo del Estado de Querétaro', 'Mauricio Kuri González', 'Sexenio 2021-2027']",[]
agustin lopez guerra,Agustín López Guerra,Agustín López Guerra,,pages/Agustín López Guerra.md,"['Fernando Ortiz Arana', 'Arturo Nava Bolaños']",['CBTIS118']
agustin lopez y lopez,Agustín López y López,Agustín López y López,,pages/Agustín López y López.md,['Familia López y López'],[]
agustin romero lopez,Agustín Romero López,Agustín Romero López,,pages/Agustín Romero López.md,"['Instituto Militarizado Benjamin N Velasco', 'Familia López y López', 'Instituto Metodista de Querétaro', 'Benjamín Noriega Velasco']","['VenerableGranMaestroGrado33', 'SaturninoOsornio']"
alejandro cano alcala,Alejandro Cano Alcalá,Alejandro Cano Alcalá,,pages/Alejandro Cano Alcalá.md,"['LVII Legislatura del Estado de Querétaro', 'Beatriz Robles']",[]
alejandro gonzalez valle,Alejandro González Valle,Alejandro González Valle,,pages/Alejandro González Valle.md,"['Armando Alejandro Rivera Castillejos', 'Ayuntamiento de Querétaro 2003-2006', 'Manuel González Valle', 'Ayuntamiento de Querétaro 2006-2009']",[]
alfredo botello aranda,Alfredo Botello Aranda,Alfredo Botello Aranda,,pages/Alfredo Botello Aranda.md,"['Mauricio Kuri González', 'Familia Botello Aranda']",[]
ana maria gonzalez,Ana María González,Ana María González,,pages/Ana María González.md,['Ana González Jáuregui'],[]
andres manuel lopezobrador,Andrés Manuel LópezObrador,Andrés Manuel LópezObrador,,pages/Andrés Manuel LópezObrador.md,"['MORENA', 'PRD', 'PRD', 'Distrito Federal']",[]
antonio calzada urquiza,Antonio Calzada Urquiza,Antonio Calzada Urquiza,,pages/Antonio Calzada Urquiza.md,"['José Eduardo Calzada Rovirosa', 'Teresita Calzada Rovirosa', 'Poder Ejecutivo del Estado de Querétaro', 'Sexenio 1973-1979']",[]
antonio rangel mendez,Antonio Rangel Méndez,Antonio Rangel Méndez,,pages/Antonio Rangel Méndez.md,"['Ricardo Anaya Cortés', 'Mauricio Kuri González', 'José Luis Báez Guerrero']",[]
apolinar casillas gutierrez,Apolinar Casillas Gutiérrez,Apolinar Casillas Gutiérrez,,pages/Apolinar Casillas Gutiérrez.md,"['Mauricio Kuri González', 'LIV Legislatura del Estado de Querétaro', 'LVII Legislatura del Estado de Querétaro', 'Ayuntamiento de Querétaro 2006-2009', 'Ayuntamiento de Querétaro 2009-2012', 'LXIII Legislatura Federal']",[]
armando alejandro rivera castillejos,Armando Alejandro Rivera Castillejos,Armando Alejandro Rivera Castillejos,,pages/Armando Alejandro Rivera Castillejos.md,['Ayuntamiento de Querétaro 2003-2006'],[]
arturo almaguer,Arturo Almaguer,Arturo Almaguer,,pages/Arturo Almaguer.md,['Luis Bernardo Nava Guerrero'],[]
arturo molina zamora,Arturo Molina Zamora,Arturo Molina Zamora,,pages/Arturo Molina Zamora.md,"['Luis Bernardo Nava Guerrero', 'Enrique Antonio Correa Sada', 'Martha Elena Soto Obregón', 'Guadalupe Murguía Gutiérrez', 'Instituto Nacional de Migración', 'Vicente Fox Quesada']",[]
arturo nava bolanos,Arturo Nava Bolaños,Arturo Nava Bolaños,,pages/Arturo Nava Bolaños.md,"['Enrique Burgos García', 'Fernando Ortiz Arana', 'Agustín López Guerra', 'Jesús Puga Tovar']",[]
arturo nava guerrero,Arturo Nava Guerrero,Arturo Nava Guerrero,,pages/Arturo Nava Guerrero.md,['Darío Morales López'],[]
arturo torres gutierrez,Arturo Torres Gutiérrez,Arturo Torres Gutiérrez,,pages/Arturo Torres Gutiérrez.md,"['Luis Bernardo Nava Guerrero', 'Ayuntamiento de Querétaro 2018-2021', 'Ayuntamiento de Corregidora 2021-2024', 'PAN', 'Arturo Maximiliano García Pérez', 'Sexenio 2021-2027', 'Mauricio Kuri González']",[]
ayuntamiento de queretaro|2000-2003,Ayuntamiento de Querétaro 2000-2003,Ayuntamiento de Querétaro,2000-2003,pages/Ayuntamiento de Querétaro 2000-2003.md,"['Rolando García Ortiz', 'Joaquín Gerardo González de León', 'Pablo Meré Alcocer']",[]
ayuntamiento de queretaro|2003-2006,Ayuntamiento de Querétaro 2003-2006,Ayuntamiento de Querétaro,2003-2006,pages/Ayuntamiento de Querétaro 2003-2006.md,"['Armando Alejandro Rivera Castillejos', 'Adriana Fuentes Cortés']",[]
ayuntamiento de queretaro|2006-2009,Ayuntamiento de Querétaro 2006-2009,Ayuntamiento de Querétaro,2006-2009,pages/Ayuntamiento de Querétaro 2006-2009.md,['Manuel González Valle'],[]
ayuntamiento de queretaro|2009-2012,Ayuntamiento de Querétaro 2009-2012,Ayuntamiento de Querétaro,2009-2012,pages/Ayuntamiento de Querétaro 2009-2012.md,['Francisco Domínguez Servién'],"['01-10-2009', '30-09-2012']"
ayuntamiento de queretaro|2012-2015,Ayuntamiento de Querétaro 2012-2015,Ayuntamiento de Querétaro,2012-2015,pages/Ayuntamiento de Querétaro 2012-2015.md,"['Armando Alejandro Rivera Castillejos', 'Gerardo Gabriel Cuanalo Santos', 'Guadalupe Murguía Gutiérrez', 'María Alemán Muñoz Castillo']",[]
ayuntamiento de queretaro|2015-2018,Ayuntamiento de Querétaro 2015-2018,Ayuntamiento de Querétaro,2015-2018,pages/Ayuntamiento de Querétaro 2015-2018.md,['Marcos Aguilar Vega'],[]
ayuntamiento de queretaro|2018-2021,Ayuntamiento de Querétaro 2018-2021,Ayuntamiento de Querétaro,2018-2021,pages/Ayuntamiento de Querétaro 2018-2021.md,"['Concepción Reséndiz', 'Miguel Parrodi Espinosa', 'Luis Gabriel Osejo Domínguez']",[]
ayuntamiento de queretaro|2021-2024,Ayuntamiento de Querétaro 2021-2024,Ayuntamiento de Querétaro,2021-2024,pages/Ayuntamiento de Querétaro 2021-2024.md,"['Concepción Reséndiz', 'Juliana Rosario Hernández Quintanar', 'Miguel Ángel Torres Olguín', 'María Del Carmen Presa Ortega', 'Adriana Fuentes Cortés', 'José Luis Aguilera Rico', 'María Alemán Muñoz Castillo', '01-10-2021', '30-09-2024']","['IsaacJiménezHerrera', 'FátimaYadiraMontesFraire', 'CarlosHabacucRuizUvalle', 'MarthaFabiolaLarrondoMontes', 'JoséArturoGonzálezCórdoba', 'IvonneOlascoagaCorrea', 'JoséManuelSánchezNieto', 'MarcoÁlvarezMalo']"
ayuntamiento de queretaro|2024-2027,Ayuntamiento de Querétaro 2024-2027,Ayuntamiento de Querétaro,2024-2027,pages/Ayuntamiento de Querétaro 2024-2027.md,"['Felipe Fernando Macías Olvera', 'Miguel Ángel Torres Olguín', 'José Luis Báez Guerrero', 'Fernanda Tirado Esquer', 'Jesús Roberto Franco González', 'Federico Guillermo de los Cobos y Vega', 'Beatriz Guadalupe Marmolejo Rojas', 'José Armando Presa Ortega', 'Francisco Villegas Solís', 'Gerardo Romero Altamirano', 'María Guadalupe Espinosa de los Reyes', 'Lennyz Meléndez Chacón', 'Pedro Manuel Ángeles Luján', 'Mariana Ortiz Cabrera', 'Adriana Fuentes Cortés', 'Alejandro Sterling Sánchez', 'Martha Daniela Salgado Márquez', 'Juan Luis Ferrusca Ortiz', 'Juan José Ojeda Dorantes', 'Beatriz Magdalena León Sotelo', 'Clara Vanessa Garfias Rojas', 'Manuel Báez Bolaños', 'Gonzalo Álvarez Zerecero', 'Adrián González Chaparro', 'Tania Paola Ruiz Castro']",[]
beatriz guadalupe marmolejo rojas,Beatriz Guadalupe Marmolejo Rojas,Beatriz Guadalupe Marmolejo Rojas,,pages/Beatriz Guadalupe Marmolejo Rojas.md,"['Benjamín Rojas Fonseca', 'Francisco Domínguez Servién', 'Marcos Aguilar Vega']",[]
benjamin noriega velasco,Benjamín Noriega Velasco,Benjamín Noriega Velasco,,pages/Benjamín Noriega Velasco.md,"['Instituto Metodista de Querétaro', 'Instituto Militarizado Benjamin N Velasco', 'Carlota Orozco', 'Instituto Metodista de Querétaro']","['VenustianoCarranza', 'VenustianoCarranza', 'VictorianoDBáez']"
benjamin rojas fonseca,Benjamín Rojas Fonseca,Benjamín Rojas Fonseca,,pages/Benjamín Rojas Fonseca.md,"['PAN', 'Rolando García Ortiz', 'Ayuntamiento de Querétaro 2000-2003', 'Armando Alejandro Rivera Castillejos', 'Ayuntamiento de Querétaro 2003-2006']",[]
braulio guerra urbiola,Braulio Guerra Urbiola,Braulio Guerra Urbiola,,pages/Braulio Guerra Urbiola.md,"['LVII Legislatura del Estado de Querétaro', 'LXIII Legislatura Federal', 'Tribunal Superior de Justicia de Querétaro']",[]
carlos alberto alcaraz gutierrez,Carlos Alberto Alcaraz Gutiérrez,Carlos Alberto Alcaraz Gutiérrez,,pages/Carlos Alberto Alcaraz Gutiérrez.md,"['Sexenio 2021-2027', 'Mauricio Kuri González']",[]
carlos gabriel lopez guerra,Carlos Gabriel López Guerra,Carlos Gabriel López Guerra,,pages/Carlos Gabriel López Guerra.md,['Familia López Guerra'],[]
carlos salinas de gortari,Carlos Salinas de Gortari,Carlos Salinas de Gortari,,pages/Carlos Salinas de Gortari.md,['Miguel de la Madrid Hurtado'],[]
carmen quintanar jurado,Carmen Quintanar Jurado,Carmen Quintanar Jurado,,pages/Carmen Quintanar Jurado.md,['LII Legislatura del Estado de Querétaro'],[]
catalina vega gonzalez,Catalina Vega González,Catalina Vega González,,pages/Catalina Vega González.md,"['Facultad de BellasArtes', 'Universidad Autónoma de Querétaro']",[]
colegio fray luis de leon,Colegio Fray Luis de León,Colegio Fray Luis de León,,pages/Colegio Fray Luis de León.md,[],[]
concepcion resendiz,Concepción Reséndiz,Concepción Reséndiz,,pages/Concepción Reséndiz.md,['Martin Arango García'],[]
cesar guerrero mendoza,César Guerrero Mendoza,César Guerrero Mendoza,,pages/César Guerrero Mendoza.md,"['Arturo Torres Gutiérrez', 'Ayuntamiento de Querétaro 2021-2024', 'Ayuntamiento de Querétaro 2018-2021', 'Ayuntamiento de Querétaro 2024-2027', 'PAN', 'Simón Guerrero Contreras']",[]
daesy alvorada hinojosa rosas,Daesy Alvorada Hinojosa Rosas,Daesy Alvorada Hinojosa Rosas,,pages/Daesy Alvorada Hinojosa Rosas.md,"['LVIII Legislatura del Estado de Querétaro', 'Luis Bernardo Nava Guerrero']",[]
dante aguilar calvo,Dante Aguilar Calvo,Dante Aguilar Calvo,,pages/Dante Aguilar Calvo.md,['Luis Bernardo Nava Guerrero'],[]
dante delgado ranauro,Dante Delgado Ranauro,Dante Delgado Ranauro,,pages/Dante Delgado Ranauro.md,"['PRI', 'Convergencia', 'Movimiento Ciudadano']",[]
dario morales lopez,Darío Morales López,Darío Morales López,,pages/Darío Morales López.md,[],[]
desarrollos residenciales turisticos,Desarrollos Residenciales Turísticos,Desarrollos Residenciales Turísticos,,pages/Desarrollos Residenciales Turísticos.md,"['José Oleszcovski Wassertell', 'Víctor David Mena Aguilar']",[]
diccionario de nodos y relaciones,Diccionario de nodos y relaciones,Diccionario de nodos y relaciones,,pages/Diccionario de nodos y relaciones.md,[],[]
dulce maria mendoza negrete,Dulce María Mendoza Negrete,Dulce María Mendoza Negrete,,pages/Dulce María Mendoza Negrete.md,"['César Guerrero Mendoza', 'Maritere Guerrero Mendoza', 'Fernando Guerrero Mendoza', 'Simón Guerrero Contreras']",[]
eduardo tomas nava bolanos,Eduardo Tomás Nava Bolaños,Eduardo Tomás Nava Bolaños,,pages/Eduardo Tomás Nava Bolaños.md,"['Familia Nava Bolaños', 'Familia Nava Hernández']",[]
elvira guerra martinez,Elvira Guerra Martínez,Elvira Guerra Martínez,,pages/Elvira Guerra Martínez.md,['Instituto Militarizado Benjamin N Velasco'],['GuerraMartínez']
emiliano ponce lopez,Emiliano Ponce López,Emiliano Ponce López,,pages/Emiliano Ponce López.md,['Catalina Vega González'],[]
enrique antonio correa sada,Enrique Antonio Correa Sada,Enrique Antonio Correa Sada,,pages/Enrique Antonio Correa Sada.md,"['Ayuntamiento de Querétaro 2015-2018', 'Ayuntamiento de Querétaro 2015-2018', 'Ayuntamiento de Querétaro 2018-2021', 'PAN', 'LVII Legislatura del Estado de Querétaro', 'LX Legislatura del Estado de Querétaro', 'LXI Legislatura del Estado de Querétaro']",[]
enrique burgos garcia,Enrique Burgos García,Enrique Burgos García,,pages/Enrique Burgos García.md,['Poder Ejecutivo del Estado de Querétaro'],['Sexenio1991-1997']
ernesto mejia botello,Ernesto Mejía Botello,Ernesto Mejía Botello,,pages/Ernesto Mejía Botello.md,"['Ayuntamiento de Querétaro 2018-2021', 'Poder Ejecutivo del Estado de Querétaro', 'Agustín Dorantes Lámbarri', 'Sexenio 2021-2027']",[]
escuela de sociologia,Escuela de Sociología,Escuela de Sociología,,pages/Escuela de Sociología.md,"['Facultad de Ciencias Políticas y Sociales', 'Universidad Autónoma de Querétaro', 'Carlos Dorantes González']",[]
especialidad en comunicacion politica,Especialidad en Comunicación Política,Especialidad en Comunicación Política,,pages/Especialidad en Comunicación Política.md,"['Facultad de Ciencias Políticas y Sociales', 'Universidad Autónoma de Querétaro', 'Dante Aguilar Calvo', 'Estela Valenzuela']",['JuanJoséArreoladeDios']
estela valenzuela,Estela Valenzuela,Estela Valenzuela,,pages/Estela Valenzuela.md,"['Marcos Aguilar Vega', 'Ayuntamiento de Querétaro 2015-2018', 'Arturo Maximiliano García Pérez', 'LXI Legislatura del Estado de Querétaro']",[]
estrella rojas loreto,Estrella Rojas Loreto,Estrella Rojas Loreto,,pages/Estrella Rojas Loreto.md,"['Guadalupe Murguía Gutiérrez', 'José Luis Báez Guerrero', 'Benjamín Rojas Fonseca', 'Familia Rojas Loreto', 'Ayuntamiento de Querétaro 2024-2027']",[]
eunice arias arias,Eunice Arias Arias,Eunice Arias Arias,,pages/Eunice Arias Arias.md,[],[]
facultad de ciencias politicas y sociales,Facultad de Ciencias Políticas y Sociales,Facultad de Ciencias Políticas y Sociales,,pages/Facultad de Ciencias Políticas y Sociales.md,"['Escuela de Sociología', 'Universidad Autónoma de Querétaro']","['LicenciaturaenCienciasPolíticasyAdministraciónPública', 'LicenciaturaenPeriodismoyComunicación', 'MartaGloriaMoralesGarza']"
familia alcocer pozo,Familia Alcocer Pozo,Familia Alcocer Pozo,,pages/Familia Alcocer Pozo.md,"['Manuel Alcocer Frías', 'Guadalupe Pozo Balbás']",[]
familia aranda alvarez,Familia Aranda Álvarez,Familia Aranda Álvarez,,pages/Familia Aranda Álvarez.md,"['Juan Aranda', 'Carolina Aranda Álvarez', 'Bertha Aranda Álvarez']",[]
familia botello aranda,Familia Botello Aranda,Familia Botello Aranda,,pages/Familia Botello Aranda.md,"['José Alfredo Botello Montes', 'Carolina Aranda Álvarez']",[]
familia botello montes,Familia Botello Montes,Familia Botello Montes,,pages/Familia Botello Montes.md,"['Juan Botello Orta', 'María de los Angeles Montes Hernández', 'José Alfredo Botello Montes', 'José Gustavo Botello Montes', 'Juan Botello Montes', 'Enrique Botello Montes']",[]
familia casillas aranda,Familia Casillas Aranda,Familia Casillas Aranda,,pages/Familia Casillas Aranda.md,"['Apolinar Casillas Gutiérrez', 'Bertha Aranda Álvarez']",[]
familia guerrero mendoza,Familia Guerrero Mendoza,Familia Guerrero Mendoza,,pages/Familia Guerrero Mendoza.md,"['Simón Guerrero Contreras', 'Dulce María Mendoza Negrete', 'Fernando Guerrero Mendoza', 'Maritere Guerrero Mendoza', 'César Guerrero Mendoza']",[]
familia kuri gonzalez,Familia Kuri González,Familia Kuri González,,pages/Familia Kuri González.md,"['Yamil Kuri Barquet', 'Sabina González Ibarra']",[]
familia lopez guerra,Familia López Guerra,Familia López Guerra,,pages/Familia López Guerra.md,"['Agustín López y López', 'Elvira Guerra Martínez', 'Imelda López Guerra', 'Agustín López Guerra', 'Susana López Guerra', 'Sol Elvira López Guerra', 'Carlos Gabriel López Guerra']","['AmadoLópezGuerra', 'EduardoLópezGuerra', 'DavidLópezGuerra']"
familia lopez y lopez,Familia López y López,Familia López y López,,pages/Familia López y López.md,"['Agustín Romero López', 'Imelda López Hernández', 'Amado López y López', 'Susana López y López', 'Agustín López y López', 'Adolfo López y López']",[]
familia mejia botello,Familia Mejía Botello,Familia Mejía Botello,,pages/Familia Mejía Botello.md,['Ernesto Mejía Botello'],['GuadalupeBotello']
familia morales barbosa,Familia Morales Barbosa,Familia Morales Barbosa,,pages/Familia Morales Barbosa.md,"['Gabriel Morales López', 'Violeta Fabiola Barbosa Villanueva', 'Leonardo Morales Barbosa', 'Aranza Morales Barbosa']",[]
familia morales lopez,Familia Morales López,Familia Morales López,,pages/Familia Morales López.md,"['Gregorio Morales Avilés', 'Imelda López Guerra', 'Darío Morales López', 'Gabriel Morales López']",[]
familia nava bolanos,Familia Nava Bolaños,Familia Nava Bolaños,,pages/Familia Nava Bolaños.md,"['Arturo Nava Bolaños', 'Eduardo Tomás Nava Bolaños']",[]
familia nava guerrero,Familia Nava Guerrero,Familia Nava Guerrero,,pages/Familia Nava Guerrero.md,['Arturo Nava Bolaños'],[]
familia nava hernandez,Familia Nava Hernández,Familia Nava Hernández,,pages/Familia Nava Hernández.md,['Eduardo Tomás Nava Bolaños'],['LiliaHernández']
familia palacios alcocer,Familia Palacios Alcocer,Familia Palacios Alcocer,,pages/Familia Palacios Alcocer.md,"['Samuel Palacios Borja', 'María de la Luz Alcocer Pozo']",[]
familia palacios gonzalez,Familia Palacios González,Familia Palacios González,,pages/Familia Palacios González.md,"['Mariano Palacios Alcocer', 'Ana María González']",[]
familia palacios kuri,Familia Palacios Kuri,Familia Palacios Kuri,,pages/Familia Palacios Kuri.md,"['Humberto Palacios Alcocer', 'Martha Beatriz Kuri González', 'Humberto Palacios Kuri', 'Tania Palacios Kuri']",[]
familia ponce lopez,Familia Ponce López,Familia Ponce López,,pages/Familia Ponce López.md,"['Sol Elvira López Guerra', 'Juan Carlos Ponce Diez Marina', 'Emiliano Ponce López']",[]
familia puga tovar,Familia Puga Tovar,Familia Puga Tovar,,pages/Familia Puga Tovar.md,"['Pilar Puga Tovar', 'Rafael Puga Tovar', 'José Puga Tovar', 'José Puga Vértiz']",[]
familia rojas loreto,Familia Rojas Loreto,Familia Rojas Loreto,,pages/Familia Rojas Loreto.md,"['Benjamín Rojas Fonseca', 'Sonia Rojas Loreto', 'Alberto Rojas Loreto', 'Estrella Rojas Loreto']",[]
familia romero lopez,Familia Romero López,Familia Romero López,,pages/Familia Romero López.md,['Agustín Romero López'],"['AmadoLópez', 'MáximaRomero']"
favorites,Favorites,Favorites,,pages/Favorites.md,['Gabriel Morales López'],[]
felipe fernando macias olvera,Felipe Fernando Macías Olvera,Felipe Fernando Macías Olvera,,pages/Felipe Fernando Macías Olvera.md,"['LXIVLegislaturaFederal', 'Ayuntamiento de Querétaro 2015-2018', 'Ricardo Anaya Cortés', 'Ayuntamiento de Querétaro 2024-2027']",[]
fernando gonzalez salinas,Fernando González Salinas,Fernando González Salinas,,pages/Fernando González Salinas.md,"['Mauricio Kuri González', 'Sexenio 2021-2027', 'José Pío X Salgado Tovar']",[]
fernando guerrero mendoza,Fernando Guerrero Mendoza,Fernando Guerrero Mendoza,,pages/Fernando Guerrero Mendoza.md,"['Luis Bernardo Nava Guerrero', 'Sara Urbiola Jiménez']",[]
fernando ortiz arana,Fernando Ortiz Arana,Fernando Ortiz Arana,,pages/Fernando Ortiz Arana.md,['Luis Donaldo Colosio Murrieta'],[]
fernando romero vazquez,Fernando Romero Vázquez,Fernando Romero Vázquez,,pages/Fernando Romero Vázquez.md,[],[]
fernando urbiola ledesma,Fernando Urbiola Ledesma,Fernando Urbiola Ledesma,,pages/Fernando Urbiola Ledesma.md,['Sara Bertha Jiménez Guillén'],[]
francisco dominguez servien,Francisco Domínguez Servién,Francisco Domínguez Servién,,pages/Francisco Domínguez Servién.md,['Sexenio 2015-2021'],[]
francisco garrido patron,Francisco Garrido Patrón,Francisco Garrido Patrón,,pages/Francisco Garrido Patrón.md,"['Poder Ejecutivo del Estado de Querétaro', 'Sexenio 2003-2009']",[]
gabriel morales lopez,Gabriel Morales López,Gabriel Morales López,,pages/Gabriel Morales López.md,"['Familia Morales López', 'Violeta Fabiola Barbosa Villanueva', 'Facultad de Ciencias Políticas y Sociales', 'Universidad Autónoma de Querétaro', 'Facultad de Ciencias Políticas y Sociales', 'Especialidad en Comunicación Política', 'Familia Morales Barbosa', 'Enrique Antonio Correa Sada', 'Beatriz Guadalupe Marmolejo Rojas', 'Jorge Arturo Lomelí Noriega', 'LVII Legislatura del Estado de Querétaro', 'Gerardo Gabriel Cuanalo Santos', 'LXIII Legislatura Federal', 'Lea Remis LeFaure', 'José Andrés Estévez Nieto', 'Malena Hernández', 'Carlos Alberto Alcaraz Gutiérrez']","['EscuelaGabrielaMistral', 'ColegioNuevoContinente', 'ITESM-CQ']"
gerardo gabriel cuanalo santos,Gerardo Gabriel Cuanalo Santos,Gerardo Gabriel Cuanalo Santos,,pages/Gerardo Gabriel Cuanalo Santos.md,"['Sexenio 2021-2027', 'LXIII Legislatura Federal', 'Ayuntamiento de Querétaro 2012-2015']",[]
german borja garcia,German Borja García,German Borja García,,pages/German Borja García.md,"['Ayuntamiento de Corregidora 2006-2009', 'Francisco Domínguez Servién', 'LVII Legislatura del Estado de Querétaro']",[]
gregorio morales aviles,Gregorio Morales Avilés,Gregorio Morales Avilés,,pages/Gregorio Morales Avilés.md,['Familia Morales López'],[]
guadalupe murguia gutierrez,Guadalupe Murguía Gutiérrez,Guadalupe Murguía Gutiérrez,,pages/Guadalupe Murguía Gutiérrez.md,"['LXIII Legislatura Federal', 'LXIII Legislatura Federal', 'Sexenio 2021-2027', 'Sexenio 2003-2009', 'Mauricio Kuri González']","['Sexenio1997-2003', 'LXIVLegislaturaFederal']"
guadalupe pozo balbas,Guadalupe Pozo Balbás,Guadalupe Pozo Balbás,,pages/Guadalupe Pozo Balbás.md,['Agapito Pozo Balbás'],[]
guillermo vega guerrero,Guillermo Vega Guerrero,Guillermo Vega Guerrero,,pages/Guillermo Vega Guerrero.md,"['LVII Legislatura del Estado de Querétaro', 'Ayuntamiento de San Juan del Río 2015-2018', 'Ayuntamiento de San Juan del Río 2018-2021']",[]
gustavo leal maya,Gustavo Leal Maya,Gustavo Leal Maya,,pages/Gustavo Leal Maya.md,"['Mauricio Kuri González', 'Ayuntamiento de Corregidora 2015-2018', 'Poder Ejecutivo del Estado de Querétaro', 'Mauricio Kuri González', 'Sexenio 2021-2027']",[]
hernandez quintanar,Hernández Quintanar,Hernández Quintanar,,pages/Hernández Quintanar.md,"['Jesús Carlos Hernández Martínez', 'Carmen Quintanar Jurado']",[]
humberto palacios alcocer,Humberto Palacios Alcocer,Humberto Palacios Alcocer,,pages/Humberto Palacios Alcocer.md,[],[]
humberto palacios kuri,Humberto Palacios Kuri,Humberto Palacios Kuri,,pages/Humberto Palacios Kuri.md,"['Notaría 65', 'Tania Palacios Kuri', 'Silvia Elena Díaz de León Lomelín']",[]
ignacio loyola vera,Ignacio Loyola Vera,Ignacio Loyola Vera,,pages/Ignacio Loyola Vera.md,"['Fernando Ortiz Arana', 'Poder Ejecutivo del Estado de Querétaro']","['Sexenio1997-2003', 'PRI', 'Sexenio1997-2003']"
imelda lopez guerra,Imelda López Guerra,Imelda López Guerra,,pages/Imelda López Guerra.md,"['Familia Morales López', 'Familia López Guerra', 'Facultad de Psicología', 'Universidad Autónoma de Querétaro']",[]
imelda lopez hernandez,Imelda López Hernández,Imelda López Hernández,,pages/Imelda López Hernández.md,['Instituto Militarizado Benjamin N Velasco'],[]
instituto metodista de queretaro,Instituto Metodista de Querétaro,Instituto Metodista de Querétaro,,pages/Instituto Metodista de Querétaro.md,['Instituto Militarizado Benjamin N Velasco'],[]
instituto militarizado benjamin n velasco,Instituto Militarizado Benjamin N Velasco,Instituto Militarizado Benjamin N Velasco,,pages/Instituto Militarizado Benjamin N Velasco.md,"['Benjamín Noriega Velasco', 'Lázaro Cárdenas DelRío']",[]
jaime palacios alcocer,Jaime Palacios Alcocer,Jaime Palacios Alcocer,,pages/Jaime Palacios Alcocer.md,[],[]
jesus galvan mendez,Jesús Galván Mendez,Jesús Galván Mendez,,pages/Jesús Galván Mendez.md,['Sindicato Nacional de Trabajadores de la Educación'],[]
jesus puga tovar,Jesús Puga Tovar,Jesús Puga Tovar,,pages/Jesús Puga Tovar.md,['Familia Puga Tovar'],[]
joaquin san roman novoa,Joaquín San Román Novoa,Joaquín San Román Novoa,,pages/Joaquín San Román Novoa.md,"['Mauricio Kuri González', 'José Andrés Estévez Nieto']",[]
jorge arturo lomeli noriega,Jorge Arturo Lomelí Noriega,Jorge Arturo Lomelí Noriega,,pages/Jorge Arturo Lomelí Noriega.md,"['PAN', 'MORENA', 'PAN', 'LVII Legislatura del Estado de Querétaro', 'Estela Ayala']",[]
josue guerrero trapala,Josué Guerrero Trápala,Josué Guerrero Trápala,,pages/Josué Guerrero Trápala.md,['Ayuntamiento de Corregidora 2024-2027'],[]
jose alfredo botello montes,José Alfredo Botello Montes,José Alfredo Botello Montes,,pages/José Alfredo Botello Montes.md,"['Francisco Garrido Patrón', 'Sexenio 2003-2009', 'Francisco Domínguez Servién', 'Sexenio 2015-2021', 'Mauricio Kuri González', 'Licenciatura en Derecho', 'Facultad de Derecho', 'Universidad Autónoma de Querétaro', 'Universidad Autónoma de Querétaro', 'Familia Botello Aranda', 'Carolina Aranda Álvarez']","['MiguelMacedoGarcíaGarcía', 'ElUniversal', 'HeraldodeMéxico', 'NuevoAmanecer', 'UniversidadCuauhtémoc', 'ITESM-CQ']"
jose andres estevez nieto,José Andrés Estévez Nieto,José Andrés Estévez Nieto,,pages/José Andrés Estévez Nieto.md,['Joaquín San Román Novoa'],[]
jose armando presa ortega,José Armando Presa Ortega,José Armando Presa Ortega,,pages/José Armando Presa Ortega.md,"['Ayuntamiento de Querétaro 2024-2027', 'María Del Carmen Presa Ortega']",[]
jose eduardo calzada rovirosa,José Eduardo Calzada Rovirosa,José Eduardo Calzada Rovirosa,,pages/José Eduardo Calzada Rovirosa.md,"['Poder Ejecutivo del Estado de Querétaro', 'Sexenio 2009-2015']",[]
jose gustavo botello montes,José Gustavo Botello Montes,José Gustavo Botello Montes,,pages/José Gustavo Botello Montes.md,"['Ayuntamiento de Querétaro 2018-2021', 'Apolinar Casillas Gutiérrez', 'LXIII Legislatura Federal']",[]
jose luis aguilera rico,José Luis Aguilera Rico,José Luis Aguilera Rico,,pages/José Luis Aguilera Rico.md,['José Luis Aguilera Ortiz'],[]
jose luis baez guerrero,José Luis Báez Guerrero,José Luis Báez Guerrero,,pages/José Luis Báez Guerrero.md,"['LXV LegislaturaFederal', 'Roberto Sosa Pichardo', 'Estrella Rojas Loreto']",[]
jose oleszcovski wassertell,José Oleszcovski Wassertell,José Oleszcovski Wassertell,,pages/José Oleszcovski Wassertell.md,"['Desarrollos Residenciales Turísticos', 'Víctor David Mena Aguilar']",[]
jose puga vertiz,José Puga Vértiz,José Puga Vértiz,,pages/José Puga Vértiz.md,['XLVII Legislatura del Estado de Querétaro'],[]
jose pio x salgado tovar,José Pío X Salgado Tovar,José Pío X Salgado Tovar,,pages/José Pío X Salgado Tovar.md,"['José Eduardo Calzada Rovirosa', 'Sexenio 2009-2015', 'Mauricio Kuri González', 'Sexenio 2021-2027']",[]
juan ignacio calderon guerrero,Juan Ignacio Calderón Guerrero,Juan Ignacio Calderón Guerrero,,pages/Juan Ignacio Calderón Guerrero.md,"['Beatriz Guadalupe Marmolejo Rojas', 'Ayuntamiento de Querétaro 2015-2018']",['COPLADEM']
juliana rosario hernandez quintanar,Juliana Rosario Hernández Quintanar,Juliana Rosario Hernández Quintanar,,pages/Juliana Rosario Hernández Quintanar.md,['Hernández Quintanar'],[]
lii legislatura del estado de queretaro,LII Legislatura del Estado de Querétaro,LII Legislatura del Estado de Querétaro,,pages/LII Legislatura del Estado de Querétaro.md,"['Carmen Quintanar Jurado', 'Eduardo Tomás Nava Bolaños']",['RamónSotoReséndiz']
lvii legislatura del estado de queretaro,LVII Legislatura del Estado de Querétaro,LVII Legislatura del Estado de Querétaro,,pages/LVII Legislatura del Estado de Querétaro.md,"['Beatriz Guadalupe Marmolejo Rojas', 'PAN', 'Guillermo Vega Guerrero', 'PAN', 'Rosendo Anaya Aguilar', 'PAN', 'Enrique Antonio Correa Sada', 'PAN', 'Jorge Arturo Lomelí Noriega', 'PAN', 'Alejandro Cano Alcalá', 'PAN', 'Alejandro Delgado Oscoy', 'PAN', 'Rosendo Anaya Aguilar', 'PAN', 'German Borja García', 'PAN', 'Luis Bernardo Nava Guerrero', 'PAN', 'Braulio Guerra Urbiola', 'PRI', 'Diego Foyo López', 'PRI', 'Ricardo Carreño Frausto', 'Gerardo Sánchez Vázquez', 'Juan Alvarado Navarrete', 'Alejandro Bocanegra Montes', 'Juan Guevara Moreno', 'Martin Vega Vega', 'Gilberto Pedraza Núñez', 'Eunice Arias Arias', 'David Dorantes Reséndiz', 'Gerardo Ríos Ríos', 'Yairo Marina Alcocer', 'Jesús Galván Mendez', 'Marco Atonio León Hernández']","['27-09-2012', '26-09-2015']"
lviii legislatura del estado de queretaro,LVIII Legislatura del Estado de Querétaro,LVIII Legislatura del Estado de Querétaro,,pages/LVIII Legislatura del Estado de Querétaro.md,"['Daesy Alvorada Hinojosa Rosas', 'María Alemán Muñoz Castillo']",[]
lxi legislatura del estado de queretaro,LXI Legislatura del Estado de Querétaro,LXI Legislatura del Estado de Querétaro,,pages/LXI Legislatura del Estado de Querétaro.md,"['Paul Ospital Carrera', 'PRI', 'Movimiento Ciudadano', 'Teresita Calzada Rovirosa', 'Movimiento Ciudadano', 'Arturo Maximiliano García Pérez', 'MORENA', 'Sinuhé Piedragil Ortiz', 'MORENA', 'Andrea Tovar Saavedra', 'MORENA']",[]
lxiii legislatura federal,LXIII Legislatura Federal,LXIII Legislatura Federal,,pages/LXIII Legislatura Federal.md,"['Gerardo Gabriel Cuanalo Santos', 'Apolinar Casillas Gutiérrez', 'Armando Alejandro Rivera Castillejos', 'Braulio Guerra Urbiola', 'Guadalupe Murguía Gutiérrez', 'Marko Cortés Mendoza', 'Hugo Cabrera Ruiz']",[]
lxv legislaturafederal,LXV LegislaturaFederal,LXV LegislaturaFederal,,pages/LXV LegislaturaFederal.md,"['Sexenio 2018-2024', 'Poder Ejecutivo de la Federación']",[]
lea remis lefaure,Lea Remis LeFaure,Lea Remis LeFaure,,pages/Lea Remis LeFaure.md,[],[]
legislatura de queretaro,Legislatura de Querétaro,Legislatura de Querétaro,,pages/Legislatura de Querétaro.md,"['LIII Legislatura del Estado de Querétaro', 'LIV Legislatura del Estado de Querétaro', 'LV Legislatura del Estado de Querétaro', 'LVI Legislatura del Estado de Querétaro', 'LVII Legislatura del Estado de Querétaro', 'LVIII Legislatura del Estado de Querétaro', 'LIX Legislatura del Estado de Querétaro', 'LX Legislatura del Estado de Querétaro', 'LXI Legislatura del Estado de Querétaro']",[]
luis bernardo nava guerrero,Luis Bernardo Nava Guerrero,Luis Bernardo Nava Guerrero,,pages/Luis Bernardo Nava Guerrero.md,"['Ayuntamiento de Querétaro 2009-2012', 'Francisco Domínguez Servién', 'Francisco Domínguez Servién', 'Ayuntamiento de Querétaro 2018-2021', 'Ayuntamiento de Querétaro 2021-2024', 'LVII Legislatura del Estado de Querétaro', 'Familia Nava Guerrero', 'Sexenio 2021-2027']",[]
luis donaldo colosio murrieta,Luis Donaldo Colosio Murrieta,Luis Donaldo Colosio Murrieta,,pages/Luis Donaldo Colosio Murrieta.md,['Carlos Salinas de Gortari'],[]
luis gabriel osejo dominguez,Luis Gabriel Osejo Domínguez,Luis Gabriel Osejo Domínguez,,pages/Luis Gabriel Osejo Domínguez.md,"['Ciudad y Poder', 'Reporte Querétaro', 'Ayuntamiento de Querétaro 2018-2021']",[]
lazaro cardenas delrio,Lázaro Cárdenas DelRío,Lázaro Cárdenas DelRío,,pages/Lázaro Cárdenas DelRío.md,[],[]
morena,MORENA,MORENA,,pages/MORENA.md,['Andrés Manuel LópezObrador'],[]
malena hernandez,Malena Hernández,Malena Hernández,,pages/Malena Hernández.md,['Fernando Romero Vázquez'],[]
manuel gonzalez valle,Manuel González Valle,Manuel González Valle,,pages/Manuel González Valle.md,"['Sexenio 2003-2009', 'José Eduardo Calzada Rovirosa', 'Ayuntamiento de Querétaro 2006-2009', 'Alejandro González Valle', 'Ayuntamiento de Querétaro 2006-2009']",[]
manuel palacios alcocer,Manuel Palacios Alcocer,Manuel Palacios Alcocer,,pages/Manuel Palacios Alcocer.md,"['Juan Ignacio Torres Landa', 'José Oleszcovski Wassertell', '07-06-2013', 'Familia Palacios Alcocer']",[]
marcos aguilar vega,Marcos Aguilar Vega,Marcos Aguilar Vega,,pages/Marcos Aguilar Vega.md,"['LVI Legislatura del Estado de Querétaro', 'LXIILegislaturaFederal', 'Ayuntamiento de Querétaro 2015-2018', 'LXIVLegislaturaFederal', 'Marko Cortés Mendoza']",[]
mariano palacios alcocer,Mariano Palacios Alcocer,Mariano Palacios Alcocer,,pages/Mariano Palacios Alcocer.md,"['Poder Ejecutivo del Estado de Querétaro', 'Sexenio 1985-1991', 'Ayuntamiento de Querétaro 1976-1979', 'Ana María González', 'Familia Palacios González', 'Familia Palacios Alcocer']",[]
mariela moran ocampo,Mariela Morán Ocampo,Mariela Morán Ocampo,,pages/Mariela Morán Ocampo.md,['Francisco Domínguez Servién'],[]
marko cortes mendoza,Marko Cortés Mendoza,Marko Cortés Mendoza,,pages/Marko Cortés Mendoza.md,['LXIII Legislatura Federal'],[]
martha beatriz kuri gonzalez,Martha Beatriz Kuri González,Martha Beatriz Kuri González,,pages/Martha Beatriz Kuri González.md,"['Humberto Palacios Alcocer', 'Familia Palacios Kuri', 'Familia Kuri González', 'Tania Palacios Kuri']",[]
martha daniela salgado marquez,Martha Daniela Salgado Márquez,Martha Daniela Salgado Márquez,,pages/Martha Daniela Salgado Márquez.md,"['LX Legislatura del Estado de Querétaro', 'LIX Legislatura del Estado de Querétaro', 'Felipe Fernando Macías Olvera', 'Ayuntamiento de Querétaro 2024-2027']",[]
martha elena soto obregon,Martha Elena Soto Obregón,Martha Elena Soto Obregón,,pages/Martha Elena Soto Obregón.md,['Mauricio Kuri González'],[]
martin arango garcia,Martin Arango García,Martin Arango García,,pages/Martin Arango García.md,['Mauricio Kuri González'],[]
maria aleman munoz castillo,María Alemán Muñoz Castillo,María Alemán Muñoz Castillo,,pages/María Alemán Muñoz Castillo.md,['Ayuntamiento de Querétaro 2012-2015'],[]
maria del carmen presa ortega,María Del Carmen Presa Ortega,María Del Carmen Presa Ortega,,pages/María Del Carmen Presa Ortega.md,"['Reporte Querétaro', 'Luis Gabriel Osejo Domínguez', 'José Armando Presa Ortega']",[]
maria de la luz alcocer pozo,María de la Luz Alcocer Pozo,María de la Luz Alcocer Pozo,,pages/María de la Luz Alcocer Pozo.md,"['Familia Alcocer Pozo', 'Manuel Alcocer Frías', 'Guadalupe Pozo Balbás']",[]
mauricio kuri gonzalez,Mauricio Kuri González,Mauricio Kuri González,,pages/Mauricio Kuri González.md,"['Poder Ejecutivo del Estado de Querétaro', 'Sexenio 2021-2027', '01-10-2015', 'Miguel Angel Osorio Chong', 'Miguel Angel Mancera', 'Familia Kuri González']",[]
miguel angel osorio chong,Miguel Angel Osorio Chong,Miguel Angel Osorio Chong,,pages/Miguel Angel Osorio Chong.md,['Enrique Peña Nieto'],[]
miguel parrodi espinosa,Miguel Parrodi Espinosa,Miguel Parrodi Espinosa,,pages/Miguel Parrodi Espinosa.md,"['Ayuntamiento de Querétaro 2018-2021', 'Luis Bernardo Nava Guerrero', 'Ayuntamiento de Querétaro 2018-2021', 'Luis Bernardo Nava Guerrero']",[]
miguel de la madrid hurtado,Miguel de la Madrid Hurtado,Miguel de la Madrid Hurtado,,pages/Miguel de la Madrid Hurtado.md,[],[]
movimiento ciudadano,Movimiento Ciudadano,Movimiento Ciudadano,,pages/Movimiento Ciudadano.md,"['Convergencia', 'Dante Delgado Ranauro']",[]
notaria 65,Notaría 65,Notaría 65,,pages/Notaría 65.md,['Notarías de Querétaro'],[]
notarias de queretaro,Notarías de Querétaro,Notarías de Querétaro,,pages/Notarías de Querétaro.md,"['Notaría 1', 'Roberto Reyes Olvera', 'Notaría 2', 'Francisco Pérez Rojas', 'Notaría 3', 'Álvaro Guerrero Alcocer', 'Notaría 4', 'Jorge Maldonado Guerrero', 'Notaría 5', 'Luis Felipe Ordaz González', 'Notaría 6', 'Rodrigo Díaz Castañares']",[]
pri,PRI,PRI,,pages/PRI.md,[],[]
paloma palacios gonzalez,Paloma Palacios González,Paloma Palacios González,,pages/Paloma Palacios González.md,"['Mauricio Kuri González', 'Poder Ejecutivo del Estado de Querétaro', 'Sexenio 2021-2027', 'Mariano Palacios Alcocer', 'Ana María González']",[]
pedro manuel angeles lujan,Pedro Manuel Ángeles Luján,Pedro Manuel Ángeles Luján,,pages/Pedro Manuel Ángeles Luján.md,"['Gerardo Gabriel Cuanalo Santos', 'Gerardo Gabriel Cuanalo Santos', 'LXIILegislaturaFederal']",[]
poder ejecutivo de la federacion,Poder Ejecutivo de la Federación,Poder Ejecutivo de la Federación,,pages/Poder Ejecutivo de la Federación.md,"['Sexenio 2012-2018', 'Sexenio 2018-2024']",[]
poder ejecutivo del estado de queretaro,Poder Ejecutivo del Estado de Querétaro,Poder Ejecutivo del Estado de Querétaro,,pages/Poder Ejecutivo del Estado de Querétaro.md,"['Sexenio 1973-1979', 'Antonio Calzada Urquiza', 'Sexenio 1979-1985', 'Rafael Camacho Guzmán', 'Sexenio 1985-1991', 'Mariano Palacios Alcocer', 'Enrique Burgos García', 'Ignacio Loyola Vera', 'Sexenio 2003-2009', 'Francisco Garrido Patrón', 'Sexenio 2009-2015', 'José Eduardo Calzada Rovirosa', 'Sexenio 2015-2021', 'Francisco Domínguez Servién', 'Sexenio 2021-2027', 'Mauricio Kuri González']",[]
rafael puga tovar,Rafael Puga Tovar,Rafael Puga Tovar,,pages/Rafael Puga Tovar.md,"['Cristina Morales Domínguez', 'LV Legislatura del Estado de Querétaro']",[]
reporte queretaro,Reporte Querétaro,Reporte Querétaro,,pages/Reporte Querétaro.md,['Luis Gabriel Osejo Domínguez'],[]
ricardo anaya cortes,Ricardo Anaya Cortés,Ricardo Anaya Cortés,,pages/Ricardo Anaya Cortés.md,"['Sexenio 2003-2009', 'LVI Legislatura del Estado de Querétaro', 'LXII Legislatura Federal', 'Andrés Manuel LópezObrador']",[]
roberto loyola vera,Roberto Loyola Vera,Roberto Loyola Vera,,pages/Roberto Loyola Vera.md,"['Ignacio Loyola Vera', 'José Eduardo Calzada Rovirosa']",[]
roberto sosa pichardo,Roberto Sosa Pichardo,Roberto Sosa Pichardo,,pages/Roberto Sosa Pichardo.md,"['Mauricio Kuri González', 'Ayuntamiento de Corregidora 2018-2021', 'Ayuntamiento de Corregidora 2021-2024']",[]
rolando garcia ortiz,Rolando García Ortiz,Rolando García Ortiz,,pages/Rolando García Ortiz.md,['Ayuntamiento de Querétaro 2000-2003'],[]
rosendo anaya aguilar,Rosendo Anaya Aguilar,Rosendo Anaya Aguilar,,pages/Rosendo Anaya Aguilar.md,['Mauricio Kuri González'],[]
samuel palacios borja,Samuel Palacios Borja,Samuel Palacios Borja,,pages/Samuel Palacios Borja.md,"['Ayuntamiento de Querétaro 1945-1946', 'Ayuntamiento de Querétaro 1949-1952']",[]
sara urbiola jimenez,Sara Urbiola Jiménez,Sara Urbiola Jiménez,,pages/Sara Urbiola Jiménez.md,"['Ayuntamiento de Querétaro 2021-2024', 'Fernando Urbiola Ledesma', 'Fernando Guerrero Mendoza']",['11-11-2023']
sexenio|2003-2009,Sexenio 2003-2009,Sexenio,2003-2009,pages/Sexenio 2003-2009.md,['Francisco Garrido Patrón'],[]
sexenio|2015-2021,Sexenio 2015-2021,Sexenio,2015-2021,pages/Sexenio 2015-2021.md,"['Francisco Domínguez Servién', 'Francisco Domínguez Servién']","['01-10-2015', '29-30-2021']"
sexenio|2018-2024,Sexenio 2018-2024,Sexenio,2018-2024,pages/Sexenio 2018-2024.md,"['Presidente de la República', 'Andrés Manuel López Obrador']",[]
sexenio|2021-2027,Sexenio 2021-2027,Sexenio,2021-2027,pages/Sexenio 2021-2027.md,"['Mauricio Kuri González', 'Guadalupe Murguía Gutiérrez', 'Marco Del Prete Tercero', 'Ginette Amieva Lavigne', 'Antonio Rangel Méndez', 'Martha Elena Soto Obregón', 'Rogelio Vega Vázquez Mellado', 'Adriana Vega Vázquez Mellado', 'Luis Alberto Vega Ricoy', 'Comisión Estatal de Aguas', 'Gustavo Leal Maya', 'Fernando González Salinas', 'Josué Guerrero Trápala', 'Luis Bernardo Nava Guerrero', 'Ana Paola López Birlain', 'Sonia Rocha Acosta']",['MartinaPérezRendón']
simon guerrero contreras,Simón Guerrero Contreras,Simón Guerrero Contreras,,pages/Simón Guerrero Contreras.md,"['César Guerrero Mendoza', 'Fernando Guerrero Mendoza', 'Maritere Guerrero Mendoza', 'Familia Guerrero Mendoza', 'PAN', 'LIII Legislatura del Estado de Querétaro']",[]
sol elvira lopez guerra,Sol Elvira López Guerra,Sol Elvira López Guerra,,pages/Sol Elvira López Guerra.md,"['Escuela de Sociología', 'Universidad Autónoma de Querétaro']",['LicenciaturaenSociología']
sonia rocha acosta,Sonia Rocha Acosta,Sonia Rocha Acosta,,pages/Sonia Rocha Acosta.md,"['Arturo Torres Gutiérrez', 'Francisco Domínguez Servién', 'LVI Legislatura del Estado de Querétaro', 'Mauricio Kuri González', 'Sexenio 2021-2027']",[]
tania palacios kuri,Tania Palacios Kuri,Tania Palacios Kuri,,pages/Tania Palacios Kuri.md,"['Ayuntamiento de Querétaro 2021-2024', 'Luis Bernardo Nava Guerrero', 'Sexenio 2015-2021', 'Francisco Domínguez Servién', 'LIX Legislatura del Estado de Querétaro', 'LXVI Legislatura Federal']",[]
teresita calzada rovirosa,Teresita Calzada Rovirosa,Teresita Calzada Rovirosa,,pages/Teresita Calzada Rovirosa.md,"['LXI Legislatura del Estado de Querétaro', 'Movimiento Ciudadano']",[]
universidad autonoma de queretaro,Universidad Autónoma de Querétaro,Universidad Autónoma de Querétaro,,pages/Universidad Autónoma de Querétaro.md,"['Facultad de Derecho', 'Facultad de Psicología', 'Facultad de BellasArtes']","['FacultaddeQuímica', 'FacultaddeIngeniería']"
violeta fabiola barbosa villanueva,Violeta Fabiola Barbosa Villanueva,Violeta Fabiola Barbosa Villanueva,,pages/Violeta Fabiola Barbosa Villanueva.md,"['Colegio Fray Luis de León', 'Licenciatura en Derecho', 'Universidad Marista de Querétaro', 'César Guerrero Mendoza', 'Ayuntamiento de Querétaro 2021-2024', 'Ernesto Mejía Botello', 'Ayuntamiento de Querétaro 2018-2021', 'Juan Ignacio Calderón Guerrero', 'Ayuntamiento de Querétaro 2015-2018', 'Arturo Torres Gutiérrez']","['EscuelaGabrielaMistral', 'COPLADEM']"
victor david mena aguilar,Víctor David Mena Aguilar,Víctor David Mena Aguilar,,pages/Víctor David Mena Aguilar.md,[],[]
contents,contents,contents,,pages/contents.md,[],[]
cbtis118,#CBTIS118,CBTIS118,,,[],[]
venerablegranmaestrogrado33,#VenerableGranMaestroGrado33,VenerableGranMaestroGrado33,,,[],[]
saturninoosornio,#SaturninoOsornio,SaturninoOsornio,,,[],[]
01 10 2009,#01-10-2009,01-10-2009,,,[],[]
30 09 2012,#30-09-2012,30-09-2012,,,[],[]
isaacjimenezherrera,#IsaacJiménezHerrera,IsaacJiménezHerrera,,,[],[]
fatimayadiramontesfraire,#FátimaYadiraMontesFraire,FátimaYadiraMontesFraire,,,[],[]
carloshabacucruizuvalle,#CarlosHabacucRuizUvalle,CarlosHabacucRuizUvalle,,,[],[]
marthafabiolalarrondomontes,#MarthaFabiolaLarrondoMontes,MarthaFabiolaLarrondoMontes,,,[],[]
josearturogonzalezcordoba,#JoséArturoGonzálezCórdoba,JoséArturoGonzálezCórdoba,,,[],[]
ivonneolascoagacorrea,#IvonneOlascoagaCorrea,IvonneOlascoagaCorrea,,,[],[]
josemanuelsancheznieto,#JoséManuelSánchezNieto,JoséManuelSánchezNieto,,,[],[]
marcoalvarezmalo,#MarcoÁlvarezMalo,MarcoÁlvarezMalo,,,[],[]
venustianocarranza,#VenustianoCarranza,VenustianoCarranza,,,[],[]
victorianodbaez,#VictorianoDBáez,VictorianoDBáez,,,[],[]
guerramartinez,#GuerraMartínez,GuerraMartínez,,,[],[]
sexenio|1991-1997,#Sexenio1991-1997,Sexenio,1991-1997,,[],[]
juanjosearreoladedios,#JuanJoséArreoladeDios,JuanJoséArreoladeDios,,,[],[]
licenciaturaencienciaspoliticasyadministracionpublica,#LicenciaturaenCienciasPolíticasyAdministraciónPública,LicenciaturaenCienciasPolíticasyAdministraciónPública,,,[],[]
licenciaturaenperiodismoycomunicacion,#LicenciaturaenPeriodismoyComunicación,LicenciaturaenPeriodismoyComunicación,,,[],[]
martagloriamoralesgarza,#MartaGloriaMoralesGarza,MartaGloriaMoralesGarza,,,[],[]
amadolopezguerra,#AmadoLópezGuerra,AmadoLópezGuerra,,,[],[]
eduardolopezguerra,#EduardoLópezGuerra,EduardoLópezGuerra,,,[],[]
davidlopezguerra,#DavidLópezGuerra,DavidLópezGuerra,,,[],[]
guadalupebotello,#GuadalupeBotello,GuadalupeBotello,,,[],[]
liliahernandez,#LiliaHernández,LiliaHernández,,,[],[]
amadolopez,#AmadoLópez,AmadoLópez,,,[],[]
maximaromero,#MáximaRomero,MáximaRomero,,,[],[]
escuelagabrielamistral,#EscuelaGabrielaMistral,EscuelaGabrielaMistral,,,[],[]
colegionuevocontinente,#ColegioNuevoContinente,ColegioNuevoContinente,,,[],[]
itesm cq,#ITESM-CQ,ITESM-CQ,,,[],[]
sexenio|1997-2003,#Sexenio1997-2003,Sexenio,1997-2003,,[],[]
lxivlegislaturafederal,#LXIVLegislaturaFederal,LXIVLegislaturaFederal,,,[],[]
miguelmacedogarciagarcia,#MiguelMacedoGarcíaGarcía,MiguelMacedoGarcíaGarcía,,,[],[]
eluniversal,#ElUniversal,ElUniversal,,,[],[]
heraldodemexico,#HeraldodeMéxico,HeraldodeMéxico,,,[],[]
nuevoamanecer,#NuevoAmanecer,NuevoAmanecer,,,[],[]
universidadcuauhtemoc,#UniversidadCuauhtémoc,UniversidadCuauhtémoc,,,[],[]
copladem,#COPLADEM,COPLADEM,,,[],[]
ramonsotoresendiz,#RamónSotoReséndiz,RamónSotoReséndiz,,,[],[]
27 09 2012,#27-09-2012,27-09-2012,,,[],[]
26 09 2015,#26-09-2015,26-09-2015,,,[],[]
11 11 2023,#11-11-2023,11-11-2023,,,[],[]
01 10 2015,#01-10-2015,01-10-2015,,,[],[]
29 30 2021,#29-30-2021,29-30-2021,,,[],[]
martinaperezrendon,#MartinaPérezRendón,MartinaPérezRendón,,,[],[]
licenciaturaensociologia,#LicenciaturaenSociología,LicenciaturaenSociología,,,[],[]
facultaddequimica,#FacultaddeQuímica,FacultaddeQuímica,,,[],[]
facultaddeingenieria,#FacultaddeIngeniería,FacultaddeIngeniería,,,[],[]
